,name
0,kamelur
1,mellas_world_of_nomnom
2,priyanka_rajput699
3,us_break4
4,kamelur
5,carbrebel
6,kamelur
7,kamelur
8,magdasfoodlove2.0
9,kamelur
10,kamelur
11,kamelur
12,zierundzeugs
13,kamelur
14,jule.everyday
15,kamelur
16,kamelur
17,depotaerobicfitnessstudio
18,pizzadream_official
19,kamelur
20,body_health_nutrition_360
21,gesundheits.glueck
22,kamelur
23,kamelur
24,gesundheits.glueck
25,nani.1276
26,sarah_whrh
27,kamelur
28,springblossomsuperfoods
29,kamelur
30,anjas_gruenewelt
31,kamelur
32,kittevonkatt
33,daniela_schwarz_
34,remoteoat
35,kamelur
36,foude_marseille
37,kamelur
38,kamelur
39,veggiekoch
40,cakes_by_summerblond.ck
41,leider_wieder_lecker
42,kamelur
43,kamelur
44,melinamoonstone
45,rote_beete_kaethe
46,kamelur
47,genys_genius_cuisine
48,crypto_43
49,kamelur
50,kamelur
51,unitedfoodz3
52,kamelur
53,suresh._sigar
54,kamelur
55,pensionvorhof
56,kamelur
57,magdasfoodlove2.0
58,kornundbutterblume
59,kamelur
60,kamelur
61,feinverzuckert
62,jonii_i04
63,kamelur
64,kamelur
65,kamelur
66,janina__weiser
67,kamelur
68,kamelur
69,gymboy2347
70,kamelur
71,kamelur
72,kamelur
73,anilx212
74,home.made7247
75,kamelur
76,mohit_food_107
77,bishnoi_aman29__
78,kamelur
79,ziege.ulmswilde_kraeuter
80,kamelur
81,vegan_fuers_klima
82,naturallyjuliadaisy
83,kamelur
84,pugai5275
85,kamelur
86,kingis5515
87,kamelur
88,kamelur
89,kamelur
90,lola.ramm
91,kamelur
92,20minutes_ems
93,quarknichtrum
94,kamelur
95,kamelur
96,kamelur
97,kamelur
98,vreaky.lena
99,kamelur
100,kamelur
101,kamelur
102,emmyta3171
103,insta_promo_______4
104,khanb_oy6684
105,kamelur
106,kamelur
107,ingo_60
108,kamelur
109,kamelur
110,kamelur
111,kamelur
112,vegan.proteinreich
113,janina__weiser
114,tomjauncey4
115,kamelur
116,toscana_goji
117,kamelur
118,kamelur
119,ninaslebenshunger
120,nelski2000
121,kamelur
122,kamelur
123,kamelur
124,kamelur
125,felicitas_kocht
126,ninaslebenshunger
127,kamelur
128,kamelur
129,ninaslebenshunger
130,kamelur
131,probiersmalvegan
132,ohmydeer.susi
133,carolaschloesschen_dd
134,kamelur
135,janina__weiser
136,ke.shav9089
137,ke.shav9089
138,kamelur
139,kamelur
140,connected.to.freedom
141,london_buzz02
142,kamelur
143,plueschartig
144,kamelur
145,kamelur
146,berend.heins
147,windeltortenzauber.de
148,kamelur
149,kamelur
150,kamelur
151,kamelur
152,kamelur
153,hotelambach
154,kamelur
155,gesundheitszentrum.dresden
156,kamelur
157,kamelur
158,janina__weiser
159,mrx_mb009
160,kamelur
161,ninaslebenshunger
162,kamelur
163,janina__weiser
164,kamelur
165,heilpraktikerin_eisenach
166,cakes_by_summerblond.ck
167,kamelur
168,manrans_kreative_gemuesekueche
169,unpackedhealthyfood
170,lys.foodlove
171,kamelur
172,mv_dp0
173,kamelur
174,hayabusa783
175,leben.in.der.dorfstr
176,danielb1504
177,melli_elli_
178,khu.kristin
179,karin_ann_
180,rubinrosa
181,sportmachtspass
182,daddys_bestes_bbq_koeln
183,denrestessichmorgen
184,love.gan.lena
185,mandy.rossmann
186,handcreamaddicted
187,ganzheitlichegesundheit
188,ganzheitlichegesundheit
189,soph.s_97
190,out_door_ralle
191,septemberchild_1
192,schlemmschlacht
193,salo.99.m
194,kamelur
195,manrans_kreative_gemuesekueche
196,sporty.happy.healthy
197,dieselensky
198,kamelur
199,kamelur
200,janina__weiser
201,kamelur
202,janina__weiser
203,kamelur
204,marienadetv
205,ninaslebenshunger
206,kamelur
207,plantpower.nutrition
208,robertasissa
209,ninaslebenshunger
210,plant_of_europe06
211,kamelur
212,kamelur
213,_kitchenlover_
214,kamelur
215,ninaslebenshunger
216,ninas.cakebakery
217,kamelur
218,ninaslebenshunger
219,gesundheitszentrum.dresden
220,fitmealsbyj
221,kamelur
222,janina__weiser
