,text
0,true fruits Cannabischen mehr und bringt nen neuen Mix mit Hanf in die KÃ¼hlregale #cannabischennix
1,Cool - wird man davon high? ğŸ˜‚
2,is der ab 18?
3,KÃ¶nnt ihr mir ne Flasche auf den PCT in den USA senden? ğŸ™ŒğŸ˜
4,schweiz?
5,wo genau gibts den in linz?
6,Wo finde ich den in Hamburg?
7,Was genau bedeutet Hanfauszug?
8,"Ist das normal, dass die Specials in ThÃ¼ringen nicht ankommen? Haha"
9,Finde ich denn auch in Haag In Oberbayern?
10,"Schauen wir mal, ob es die gut zu finden gibt, wie die Blauen (= gar nicht ğŸ˜…)."
11,Kann man den nur in bestimmten SupermÃ¤rkte kaufen ?
12,Nach was schmeckt er den?
13,"Gestern gefunden, probiert und fÃ¼r mega befunden, da werd ich noch welche von kaufen....."
14,ğŸ’šğŸ’š
15,ğŸ¤ğŸ¼
16,Ist da CBD drinne (oder THC??)
17,@lisakrcevski !!!!
18,@bianca.wi_ @marie.loves.the.sea
19,@_misssandra1808_ @__mrs.__ndne_mnzl___
20,@julia_schmidt_zf Augen auf ğŸ˜‰ ğŸ‘€
21,"Wenn noch einmal jemand behauptet, dass es nur auf die inneren Werte ankommtâ€¦ #dercharakterzÃ¤hlt #truefruits"
22,ich habs probiert und es schmeckt traumhaft
23,ScheiÃŸ auf die inneren Werte. Ich steh teilweise ewig am KÃ¼hlregal nur um zu lesen was auf euren Flaschen drauf steht. ğŸ˜‚ğŸ˜‚ğŸ˜‚ğŸ˜‚ğŸ˜‚
24,WÃ¤re nicht ein knall-orangener Smoothie jetzt passender?
25,"Wenn der Cannabis legal wird, werden wir alle grÃ¼n ğŸ˜µâ€ğŸ’«"
26,Liebs ğŸ˜‚ğŸ˜‚ğŸ˜‚
27,ğŸ”¥ğŸ”¥ğŸ”¥ğŸ”¥
28,I crash and burnğŸ”¥â¤
29,Jaman lass mal Organe entfernen. Denn auf die inneren Werte kommt es nicht an.
30,"Ohne Herz und Darm kann ich halt auch rumscheisen und herzlos sein, ist auch eine Form des Charakters"
31,@truefruitssmoothies gibt es die Sorte Vanille Smoothie garnicht mehr bzw. wird sie zurÃ¼ckkommen?
32,der vibe muss halt passen nh @___.silja.___
33,ein Grund auszuflippern #fckplasticbottles
34,"Definitiv nicht!
Aber wann kommt den endlich mal wieder ne online Limited oder die LE 20!
Gut Hanf ist ja unterwegsâ€¦.
Aber wir sind so ungeduldig ğŸ¬

https://youtu.be/wYB_Mnid7mA"
35,Es heiÃŸt denitiv! DE NI TIV!!!!
36,ErdbeerkÃ¤se ğŸ˜‚
37,DilfInitiv nein wÃ¤re besser
38,IeeÃ¨e
39,Die Flasche will ich ğŸ¤©
40,Oops! I lost my mobile number! Could I have yours?ğŸ”¥ğŸŒ¶
41,My body burns because of youğŸŒ­ğŸŒ¶
42,@deniselapurple ğŸ˜‚
43,@shavingforwomenonly Delfinitiv ğŸ˜‚
44,@steffischoen ob auch mal einen Dave-fin geben wird?
45,ğŸ˜‚ğŸ˜‚ğŸ˜‚ @jasoxx1319 - weiÃŸte bescheid?!
46,Wie wÃ¤re es mal mit einem Power Energy Shot? @redbullgermany wÃ¼rde bestimmt mit dabei sein âš¡ï¸âš¡ï¸
47,@truefruitssmoothies Das klingt ja flossitastisch ğŸ¬
48,YOU REALLY HAVE TO SEE IT ğŸ¶ #truefruitsupcycling
49,ğŸ‘ğŸ‘
50,"Wann kommt eine Bad Serie? KÃ¼che hatten wir ja erst ^^ ich brÃ¤uchte dringend ne groÃŸe fÃ¼r Tampons, am besten eine rote Sorte ğŸ˜"
51,Das mit den Tampons is ja mal mega genial ğŸ˜
52,Ist es mÃ¶glich den druck weg zu bekommen?
53,Kreide
54,Ich benutze die Flaschen einfach auch fÃ¼r alles ğŸ˜‚ğŸ˜ğŸ˜ğŸ˜ğŸ’ªğŸ¼
55,ğŸ’¯ğŸ’¯ğŸ’¯
56,ğŸ™Œâ¤ï¸
57,Die flaschen sind super
58,Wann kommt die neue Edition?
59,Scheiss auf die Flaschen! Ich will die Hose !!!
60,"Ich frage mich aber schon, warum man Werbung mit und fÃ¼r Nachhaltigkeit macht und dann Tampons in dieser Werbung zeigt ğŸ˜‚"
61,Jetzt mÃ¼ssten nur noch die seifenspender AufsÃ¤tze zurÃ¼ck kommen und mein Zuhause wÃ¤re komplett. Aber da ist wohl noch ein wenig Geduld gefragt
62,@_minamkr_
63,@_steffi7714_ğŸ˜„
64,@sophia.sfrt und du schmeiÃŸt die GlÃ¤ser weg ğŸ˜µ
65,Und dabei ist @truefruitssmoothies doch so frauenfeindlich ğŸ˜±
66,Mamma Mia! #deinemudda
67,LiebsğŸ˜ğŸ˜
68,3 StÃ¼ck habe ich aus der Sammlung bekommen 2 fehlen mir noch ğŸ˜¢
69,â¤ï¸
70,Ich will die alten Texte ğŸ˜­ğŸ˜­
71,ğŸ˜
72,ğŸ”¥ğŸ”¥#love #truefruits
73,"Wie immer leider erst zu spÃ¤t in den meisten LÃ¤den zu finden ğŸ¤·â€â™€ï¸ Schade eigentlich, kÃ¶nnte man doch besser timen"
74,Finde ich gut ğŸ˜
75,*Lieblingsmama* wÃ¤re auch schon gewesen ğŸ˜ aber Mutter mag ich nicht genannt werdenğŸ˜¬
76,"Ich bin mal wieder begeistert von euch â¤ï¸ Fand es immer traurig, dass am Muttertag niemand an die Stiefmama denkt..."
77,"Ich war in 5 verschiedenen MÃ¤rkten. Keiner hatte die Flaschen. Habe extra gefragt. Das ist wirklich schade, wenn die SprÃ¼che doch schon zum Muttertag passen"
78,"Wo kann man die ""speziellen"" kaufen?"
79,@cercikdresden
80,@se31ba ğŸ˜‰
81,"Danke @truefruitssmoothies
Das wird ein gÃ¼nstiges Geschenk â¤ï¸"
82,Neugierig geworden? Alle Infos findest Du unter true-fruits.com/jobs ğŸ™ŒğŸ¼
83,Was braucht man denn fÃ¼r Voraussetzungen?
84,Wenn ich dann einen Vorrat mit euren Smoothies bekomme nehme ich mir dafÃ¼r extra Urlaub von meiner Ausbildung
85,Kann man sich direkt fÃ¼r die memes Abteilung Bewerben?
86,Werbe Abteilung?
87,HahahahağŸ˜‚ğŸ˜‚
88,"WÃ¼rde gerne fÃ¼r euch die Witze schreiben, cool danke, dass das so spontan klappt ğŸ”¥"
89,"Wenn feste Arbeit + flÃ¼ssiges Obst, dann ja."
90,ğŸ˜‚
91,Viel zu weit weg
92,ğŸ˜‚
93,man kann bei euch nh praktikum machen? God damn warum wusste ich das net in der 9 klasse
94,Sehr interessiert darin! Seit ihr auch an eine eventuelle Zusammenarbeit/Werbung etc. interessiert? ğŸ˜Š
95,Bonus: Kostenlose GetrÃ¤nke und Obst.
96,@steffi_r_0205 ğŸ˜„ğŸ˜„
97,"@truefruitssmoothies meiner einer, der zum zweiten Mal innerhalb fÃ¼nf Jahren, auf Kreta ein mega geiles Auslandspraktikum machen durfte! ğŸ’ªğŸ˜"
98,Putzen macht soooowas von gar keinen SpaÃŸ und wird mit unserem neuen FrÃ¼hjahrsputz-Set bestimmt auch nicht besser. Deshalb erstmal zurÃ¼ck auf die Couch. #verputzmich
99,Als der â€Trenn dichâ€œ Smoothie aktuell war habe ich mich 2 Tage spÃ¤ter von meinem Ex getrennt. Waren 3 Jahre zusammen. Beste Entscheidung ğŸ‘ğŸ½ğŸ˜‚
100,ğŸ’™ğŸ§½
101,KÃ¶nnt ihr diese Upcycling Flaschen bitte nochmal rausbringen? Ich brauch noch die fÃ¼r Kaffee und gut 2 weitere fÃ¼r Nudeln
102,"Endlich Wochenende, einfach mal fallen lassen #boingboing"
103,Hat es gelatine drinne?
104,Bester smoothie ğŸ˜
105,Megalecker wenn man es in fÃ¶rmchen einfriert und am Stiel isst ğŸ˜ğŸ˜ğŸ˜ğŸ˜ğŸ˜ğŸ˜ğŸ˜ğŸ˜
106,Ich liebe diese Sorte ğŸ˜
107,ğŸ’šğŸ’šğŸ’šğŸ«¶ğŸ¼
108,Mega leckkkkkkaaaağŸ˜‹
109,Ich habe weder in 73728 Esslingen in 3 groÃŸen SupermÃ¤rkten noch in Stuttgart die Edition kÃ¤uflich erwerben kÃ¶nnen :-(
110,So eine geile sorte aber fast immer vergriffen
111,Wie heisst das StÃ¼ck was hier spielt?
112,Der Moment wenn man lernt in Blender Phsik zu Simulieren xD
113,Lecker! ğŸ˜‹
114,@nin_re dieses Marketing macht mich fertig ğŸ˜‚ğŸ˜‚ğŸ˜‚ğŸ˜‚
115,"Kein Dirty Talk, Du Pisser! #lassdichnichtabziehen"
116,"Und fÃ¼rs selbstgemachte Desinfektionmittel brauchst Du: Essig, 10-12
Tropfen TeebaumÃ¶l ğŸ™Œ"
117,Wann liefert Ihr wieder in die Schweiz?ğŸ¥°
118,Dieses Teil zum einfÃ¼llen von Wasser war jetzt nicht so nÃ¶tig
119,â¤ğŸ§¡ğŸ’›ğŸ’šğŸ’™ğŸ’œğŸ¤ğŸ–¤ğŸ¤ smoothieliebe
120,ğŸ˜‚ğŸ˜‚ğŸ˜‚ğŸ˜‚
121,Checkt eure dm !
122,"Hey @truefruitssmoothies , inwiefern und warum setzt ihr Aromen ein in den Sondereditionen, Bsp. Waldmeister? ğŸ§ ""100% fruits - no tricks"" war einmal oder? ğŸ¤“ğŸ˜‰"
123,"You wisch, Du Lappen! #waschlosmitdir"
124,"Und das brauchst Du fÃ¼r den Allzweckreiniger: 1 Spritzer SpÃ¼lmittel,
1-2 EL Zitronensaft, Wasser ğŸ’¦"
125,Son Wischi Waschi! Macht mich sauer!
126,Gibt es die AufsÃ¤tze auch bald in Goldfarbend?
127,"Hab ich jetzt schon 100mal gesagt, aber euer Marketing ist f******ğŸ”¥!!!!"
128,"Ich finde die Deckel und das weitere ZubehÃ¶r echt toll, aber leider zu teuer"
129,sticky counters.
130,Passen die permanent VerschlÃ¼sse fÃ¼r die groÃŸen Flaschen auch auf die limited edition Flaschen? (OsÃ¤ft-Flasche mit Leo Muster)
131,ğŸ˜ğŸ˜
132,Aber auch nur bei Bonner Wasser. ğŸ˜‚ Kannste in KÃ¶ln und alle die KÃ¶lner Wasser bekommen echt knicken. ğŸ˜… Aber riecht schÃ¶n das Zitronengemisch.
133,Warum nimmt das Betonkopf*innen nicht schon den Trichter bei der Zitrone. ğŸ¤¦
134,@sasi_lala
135,"Wir wollen mal was ausprobieren und suchen dafÃ¼r noch das fehlende PuzzelstÃ¼ck: Junges und experimentierfreudiges Unternehmen aus Bonn sucht auf diesem Wege eine humoristische und abenteuerlustige Person fÃ¼r was festes. Erste Erfahrung im Bereich SM sind ein Muss und es wÃ¤re schÃ¶n, wenn Du kein Hundehaar-Allergiker bist. Wenn Du Lust auf ein erstes, unverbindliches Treffen hast, schreib uns an jobs@true-fruits.com #wirsuchenwirklich"
136,"Eure Smoothies sind true, I would love to write for you. Ende."
137,Oh diese FuÃŸstapfen sind GROOOáºğŸ”¥ğŸ™Œ
138,"Bin sponti, spÃ¤ti und humorvoll, ernst, aber nehme mich nicht ganz so ernst. Von Natur aus eher der/die Hunde â€“ Typ/Typin (Hunde mÃ¶gen meinen Duft nach Freiheit), btw vertrau ich Katzen einfach nicht. Auf der Suche nach dem nÃ¤chsten Abenteuer, werde ich euch wohl eine Bewerbung schreiben. Vermutlich wird die nicht ganz so cool sein wie ich in Person, aber vielleicht haben wir ein Match und ihr habt Bock auf ein spontanes Treffen in eurer Personalabteilung bei BÃ¼roromantik. Ich bringe mich mit und ihr ne Flasche von dem GrÃ¼nen. Ich mag grÃ¼n nÃ¤mlich nicht nur im Glas, sondern auch auf dem Konto. WÃ¼rde mich freuen von euch zu hÃ¶ren. GruÃŸ Luisa"
139,"Geilste Stellenanzeige ever ğŸ˜‚ schade, dass ihr in Bonn seid."
140,Interesse an Fernbeziehung? ğŸ”¥
141,Warum nur seid ihr in Bonn und ich in Augsburg ğŸ˜…
142,Traumjob ğŸ˜
143,ğŸ”¥ğŸ”¥ Viel Erfolg! ğŸ’ªğŸ¼
144,Gibtâ€™s auch nen Tischkicker?
145,"Traumjob, nur zu weit weg ğŸ’”"
146,"Wartet auf mich! Ich mach noch ne Woche Urlaub, dann bin ich da ğŸ˜„"
147,â€Dein Profilâ€œ & Wir bietenâ€œ ist einfach mega geschrieben! ğŸ‘ğŸ˜‚ Liebs!
148,El mejor zumo que me he tomado hasta el dÃ­a de hoy ğŸ’«ğŸ‘ğŸ»Bravo ğŸ™ğŸ»ğŸ˜
149,D?
150,Wollt ihr nicht auch ne Ausbildung im Bereich Marketing anbieten? :(
151,Hier wird geschluckt nicht gespuckt
152,"Jo, kÃ¶nnte heulen, denn da beschreibt ihr doch tatsÃ¤chlich michğŸ¤© SM sind meine Initialen und bekanntlich 'nomen est omen'ğŸ˜ Puzzle sind mein Hobby und bei mir fehlt definitiv auch irgendwasğŸ¤£ und hey! Das heiÃŸt nicht Hundehaare, das ist Natural Dog Glitter ğŸ¥³ die passende Corgi-Glitter-Producerin hÃ¤tte ich auch noch am Start (Ã¼brigens hat die in ihrer Vita bereits ehrenamtliche Feel-Good-Managerin drin stehenğŸ˜‡) Aber leider bin ich schon mega busy als #freshbackedmommy, drÃ¼cke euch alle Daumen, dass ihr das perfekte, freche FrÃ¼chtchen fÃ¼r eurer Team findetğŸ˜"
153,In 3 jahren komm ich!!!
154,HÃ¤tte gern Freitag frei
155,@_glueckauf_ ğŸ™Œ
156,GrÃ¼ner wirdâ€™s nicht #gibgras #420
157,Neben dem pumpkin spice damals ebenfalls ein absolutes masterpieceğŸ˜ğŸ’š perfekte note an Waldmeister.
158,"Kann man den bitte dauerhaft einfÃ¼hren? Das ist der perfekte Hauch Waldmeister, den man auch mal als Erwachsener im Leben Ã¶fters genieÃŸen mÃ¶chte... Bin kein fan von Wackelpudding. Bitte erlÃ¶st mich!"
159,"Heute mal probiert. Wie immer super lecker, aber leider nur in der kleinen Flasche bekommen. Die groÃŸen mag ich lieber, schon allein wegen dem doch sehr hohen Preis."
160,Er schmeckt mega geil
161,"Manche Dinge Ã¤ndern sich wohl nie @truefruitssmoothies : Entweder die Sondereditionen sind immer sofort ausverkauft oder die SupermÃ¤rkte fÃ¼hren sie Ã¼berhaupt nicht im Angebot. Jedes Mal das Gleiche, sehr Ã¤rgerlich und schade. Das muss doch besser gehen oder? ğŸ˜•"
162,Eeendlich gefunden und ich liebe ihn! Geht der nicht dauerhaft? ğŸ˜
163,Der beste Smoothie ğŸ‘
164,"Wichtige Frage, wie steht dieser ""GrÃ¼ne"" zu:
(Apfel)Kernenergie
Waffellieferungen
Windkraftwerken in (Meister) WÃ¤ldern?"
165,HDF
166,Ich glaub ich steh im Wald ğŸ¤ª ich habe meinen Meister gefunden
167,@chris_banaskiewicz
168,Bislang der Beste! ğŸŸ¢
169,"Hab ihn eben probiert, nach Waldmeister schmeckt der aber gar nicht. Habe mir mehr erhofft. ğŸ˜¢"
170,ğŸ‘
171,Schmeckt hammer ğŸ”¨
172,"Schade, dass er so sauer ist und nicht mehr in die vanille Richtung geht"
173,So geil der smoothie â¤ï¸â¤ï¸â¤ï¸â¤ï¸â¤ï¸
174,Hdgdl eher ğŸ˜…
175,"Wenn Du den Wald vor lauter Arsch nicht siehst #habenallesdurchforstet #forstthingsforst

PS Unsere Smoothies gibtÂ´s auch in der Schweiz! ğŸ‡¨ğŸ‡­"
176,Wie immer alles ğŸ‘ğŸ˜ğŸ˜‚ğŸ‘ğŸ» bei euch!!!
177,Lieben wir ğŸ™Œ
178,ğŸ˜‚ğŸ˜‚ğŸ˜‚ğŸ‘ğŸ”¥ğŸ™Œâ¤ï¸
179,ğŸ˜‚
180,ğŸ‘ğŸ˜‚
181,Was ist letzter Preis?ğŸ˜€
182,So ein mist
183,"In welchen LÃ¤den kann man eure Pampe eigentlich kaufen? Ich schaue mir immer eure Posts an und weiÃŸ nie, wo ich die kaufen soll"
184,Kein Interesse - kÃ¶nnt ğŸ‡¨ğŸ‡­ gerne fernblieben. #notoracism
185,Warum ist das GrÃ¼n? Ein Arschwald wÃ¤re so oder so braunâ€¦ ğŸ˜‚
186,"Als ich noch Traumfahrer war, war mein grÃ¶ÃŸter Alptraum in ein Arschteroiden Feld zu fliegen"
187,"Wieder mal geil. Bei ""Arschwald"" habe ich lustige Bilder im KopfğŸ˜‚"
188,Sumpfarsch wÃ¤r jetzt lustiger gewesen.
189,@kugelfuhr ğŸ˜ğŸ˜‚
190,@verena.nena ğŸ˜‚
191,@_misssandra1808_ @______ndne_m_____
192,@fr_schoelau ğŸ˜‚
193,@me.kristin ğŸ˜‚ğŸ˜‚ğŸ˜‚
194,@riderpixx ğŸŒ¬ğŸ«§
195,@ninaj286 ğŸ˜‚ haha dieser Untertitel
196,Unser StÃ¶ÃŸchen-Gebet #nichtÃ¼berkreuz #waldmeisterstÃ¼ck
197,Oh ja am besten ist wackelpudding mit Sahne oben drauf!
198,"Genial genau das richtige fÃ¼r waldmeisterchunkies , â¤ï¸â¤ï¸â¤ï¸â¤ï¸â¤ï¸"
199,ğŸ”¥ğŸ”¥ğŸ”¥ğŸ”¥
200,Wo kann man das kaufen
201,Schmeckt
202,Das macht mir Angst ğŸ‘€ğŸ˜„
203,"Langes Wochenende: Zeit fÃ¼r eine kleine Spritztour #dersprÃ¼hlingistda

PS unseren SprÃ¼haufsatz fÃ¼r die 99 ml & 250 ml Pullen gibtÂ´s in unserem Onlineshop"
204,Und wo bleibt der Seifenspender? Ich warte schon seit Ã¼ber einem Jahrâ€¦ immer wieder wÃ¼rde der Zeitraum wo es den wieder geben soll nach hinten verschoben
205,@eve.bailes ğŸ˜
206,Wenn Du den Meister vor lauter Wald nicht siehst #weilbaum #waldmeisterstÃ¼ck
207,KÃ¶nnt ihr den nicht einfach fÃ¼r immer im Programm lassen? ğŸ¤¤
208,Der erste grÃ¼ne smoothie der mir schmeckt. Ich hoffe er darf dauerhaft ins Sortiment ğŸ˜
209,"Sau lecker.. Ich schlieÃŸe mich den Meinungen an, bitte im Sortiment lassen ğŸ˜ğŸ”¥"
210,Gestern 2x geholt meeeega lecker ğŸ˜ğŸ˜ğŸ˜ğŸ˜
211,Die sind zu lecker ğŸ¤¤ğŸ˜ sollte echt im Sortiment bleiben ğŸ˜ğŸ˜
212,"Habe ihn heute entdeckt und probiert. Schmeckt ganz gut, aber dafÃ¼r dass mit so viel Waldmeister geworben wurde, zu schwach ğŸ˜¢ ich liebe Waldmeister und hatte mich total gefreut, aber er schmeckt wirklich fast nur nach Apfel und Limette..."
213,Den sollte es immer geben...der ist mega lecker ğŸ˜‹
214,"War gestern und heute in 3 (grÃ¶ÃŸeren) SupermÃ¤rkten in 73728 Esslingen a.N., keiner hatte die Waldmeister Edition ! ğŸ™„"
215,Von denen hatte ich schon einige. Aber die Blauenâ€¦? ğŸ˜¢
216,Heute entdeckt.
217,@catzia_ ğŸ˜‡
218,@annalna_kgl brauchst du noch welche Mausi ? Die scheinen die im Ãœberfluss zu haben ğŸ˜…â¤ï¸ğŸ”
219,@andhadesfollowedher Da isses ğŸ˜
220,@jassikorbmann muss ich probieren ğŸ˜±
221,"Der SprÃ¼hling ist endlich da, und zwar fÃ¼r groÃŸ & klein. Ab jetzt liegen beim SprÃ¼haufsatz zwei RÃ¶hrchen bei. Ein kurzes fÃ¼r die 99 ml FlÃ¤schchen und wie gewohnt ein langes, fÃ¼r die 250 ml Pullen. Mehr unter true-fruits.com/flaschenaufsaetze #sprÃ¼hlingsgefÃ¼hle"
222,und dann sprÃ¼h' ich mir den Saft in den Mund?!
223,"Gibt es eure AufsÃ¤tze eigentlich noch bei Kaufland zu kaufen? Ich habe die bei uns nur 1x gesehen und dann nie wieder. :/ Fand ich super schade, weil ich immer stÃ¼ckweise die Deckel kaufen wÃ¼rde."
224,Wie niedlich ğŸ¥°
225,Nice
226,Wo finde ich den ğŸ˜¢ğŸ˜¢ğŸ˜¢ğŸ˜¢â˜¹
227,Super...dann brauch ich den nicht mehr abschneiden und kann ihn auch wieder fÃ¼r die Flasche benutzen ğŸ˜Š
228,Mega cool!!! ğŸ˜ğŸ˜ğŸ˜ Darauf habe ich seit dem ersten Shot gewartet!! ğŸ¥³ğŸ˜
229,Kein echter Schleimer #aufdenschleimgegangen #waldmeisterstÃ¼ck
230,Was ist da denn alles drin?
231,ğŸ’šWaldmannsgeil ğŸ’šğŸ¥³ğŸ¥³â€¦aber wirklich ğŸ‘ğŸ»ğŸ’š
232,Schon probiert und fÃ¼r Genial befunden ğŸ’š mega erfrischend und voll mein Geschmack ğŸ’š Danke dafÃ¼r ğŸ‘â˜€ï¸âœŒ
233,â¤ï¸ğŸ˜
234,ğŸ˜ğŸ˜ğŸ˜ğŸ˜ğŸ˜
235,ğŸ˜
236,soo gutğŸ‘ŒğŸ»ğŸ‘ŒğŸ»ğŸ‘ŒğŸ»ğŸ‘ŒğŸ»
237,In Ã–sterreich auch zu kaufen?
238,Echt gut! Nur dÃ¼rfte es nach meinem Geschmack mehr nach Waldmeister schmecken ğŸ˜‹
239,"Druckt mal Sonnenblumen Ã–l drauf â€¦ ğŸŠ
wÃ¼rd gern den Shitstorm in den Kommentaren mitlesen, wenn Leutchen ihre Pommes darin brutzeln und sich fragen warum es nicht funktioniert ğŸ¤·ğŸ¼â€â™‚ï¸ğŸ˜…"
240,Sehr sehr lecker ğŸ’ªğŸ»ğŸ˜ƒ
241,#gekauft
242,Fand ihn geschmacklich topğŸ‘
243,Sehr sehr lecker....â¤ï¸
244,"SchÃ¶n ein Pils dabei, Freibad feeling â¤ï¸"
245,"Kann man die komplett und bunt bedruckten Flaschen, wie z.B. diese, auch problemlos im Altglas entsorgen? Und wenn ja, im weiÃŸen? Oder lieber im grÃ¼nen, wo auch anderes, z.B. blaues Glas, nicht auffÃ¤llt?"
246,"Soooo sooo lecker, total mein Geschmack - ich liebe Waldmeister"
247,"Heute gesehen, und zweimal geholt so unfassbar lecker ğŸ˜â¤ï¸"
248,Die beste Sorte von euch. Auch wenn sie sehr Teuer istğŸ˜
249,Wo gibts den? Noch nirgendwo gefunden ğŸ˜®
250,"GÃ¶ttlich, diese Speise! Unsere neue FrÃ¼hlingsedition Waldmeister Smoothie ist ein guter GrÃ¼n mal wieder die KÃ¼hlregale zu durchforsten. Ab jetzt im Supermarkt #waldmeisterstÃ¼ck #frÃ¼hlingsedition #truefruits"
251,Wo wo woooo???ğŸ˜®ğŸ˜ğŸ˜®
252,Sehr lecker!ğŸ‘
253,Lieb ich
254,Gestern gefunden ğŸ˜
255,Ab jetzt? Die waren letzte Woche in den KÃ¼hlregalen und sind jetzt schon alle vergriffen ğŸ˜®â€ğŸ’¨ bissl spÃ¤t euer Post
256,ğŸ‘ Mega lecker! ğŸŒ±ğŸŒ±ğŸŒ± heute schon bei Real gefunden
257,ğŸ¤¤
258,2000 vibes
259,ğŸ’šğŸ’šgÃ¶ttliche KÃ¶stlichkeit ğŸ˜ğŸ¤©ğŸ˜!!!
260,Sososoooo lecker ğŸ˜‹
261,Sehr...sehr lecker ğŸ˜‹
262,Und der ist der Knaller ğŸ’¥ğŸ’š!! Wirklich unheimlich lecker ğŸ¤¤
263,Nach der ersten Flasche gleich noch welche nachgekauft. Der Geschmack geht doch das ganze Jahr. ğŸ˜‰
264,Sooooooo ğŸ¤¤ğŸ¤¤ğŸ¤¤
265,Offiziell einer meiner liebsten Sorten!! ğŸ˜
266,ğŸ˜der ist leckerâ¤ï¸
267,ğŸ’šbitte auch nach Ã¶sterreichğŸ’šbitte auch nach Ã¶sterreichğŸ’šbitte auch nach Ã¶sterreichğŸ’šbitte auch nach Ã¶sterreichğŸ’šbitte auch nach Ã¶sterreichğŸ’šbitte auch nach Ã¶sterreichğŸ’šbitte auch nach Ã¶sterreichğŸ’šbitte auch nach Ã¶sterreichğŸ’šbitte auch na-
268,WÃ¤re toll wenns den in jedem Laden geben wÃ¼rde ğŸ˜Š
269,Trink ihn Grad ğŸ˜
270,Steht bei mir schon auf dem Tisch ğŸ‘€
271,Morgen gibts gute GrÃ¼ne hier noch mal vorbeizuschauen âœŒï¸
272,Schon probiert. Sehr lecker ğŸ˜
273,Steht im KÃ¼hlschrank ğŸ‘
274,Schon getrunken. Sehr lecker! ğŸ˜‹ğŸ‘ğŸ»
275,Waldmannsgeil!
276,ğŸ’šğŸ’šğŸ’š
277,"Kommt da etwa was""groÃŸes"" auf uns zu?ğŸ˜…"
278,"Ganz schÃ¶n fies Werbung zu machen, wenn alle schon vergriffen sind ğŸ˜¢"
279,Cool mein Rewe hatte das schon vor ner Woche
280,Heute morgen durch Zufall gesehen.. Schmeckt genauso wie das Bild aussieht ğŸ˜‚
281,Hab ich schon hier. Waldmeister.
282,"Sehr lecker, sehr gern ganzjÃ¤hrig. ğŸ¤¤ğŸ’š"
283,Will auch ğŸ˜®ğŸ”¥
284,Sehr lecker......
285,N richtig guder geworden.
286,Habs probiert lol. 9/10
287,ğŸ˜‹
288,Der ist richtig nice. Bitte in groÃŸ abfÃ¼llen
289,Na endlich gebt ihr uns auch mal bescheidğŸ‘â¤ï¸â¤ï¸ğŸ˜‚
290,"Ihr hÃ¤ttet eine grÃ¼ne Smoothie Flasche in den wackelpudding packen sollen, die â€the Officeâ€œ Fans wissen schon was gemeint ist ğŸ˜‚"
291,Hab ich schon im Kaufland gekauft ğŸ˜‚
292,"+++AUSVERKAUFT+++
Ascher, yeah, yeah!!! Zusammen mit @ljubaveurope prÃ¤sentieren wir unseren Aschenbecheraufsatz fÃ¼r die 250 ml Pulle. Du findest das gute StÃ¼ck ab jetzt und nur fÃ¼r kurze Zeit in unserem Onlineshop. Die passende Flasche gibtÂ´s aktuell im Supermarkt um die Ecke. #truefruitsxljubav #rauchtmannicht"
293,ğŸš¬ğŸ¤®
294,ğŸ˜¢ğŸ˜¢ oh man
295,Wie viele AufsÃ¤tze gab es denn insgesamt? Das ist ja der Wahnsinn wie schnell das ging! Habe noch nicht mal ein Smoothletter dazu erhalten ğŸ˜¯
296,Was macht ljubav?
297,Wird der nochmal produziert??
298,Leider keine bekommen! Gleich nach dem Newsletter rein und schon ausverkauft ğŸ˜­ğŸ˜­ğŸ˜­ğŸ˜­
299,Kann mir mal einer erklÃ¤ren was das fÃ¼r eine Marke sein soll ? Der Begriff bedeutet im serbisch-kroatischen Liebe von der Marke hab ich jedoch nie was gehÃ¶rt
300,Restock !!!!
301,ğŸ˜¢ğŸ˜¢ plant ihr einen Restock? Bei Ljubav direkt auch sofort ausverkauft
302,"Mega ! Will ich haben, obwohl ich nicht rauche!"
303,Vor 4 Minuten gepostet und direkt ausverkauft? Wtf?
304,Kommt der Aufsatz noch mal online
305,Krass
306,Woahhh ich freu mich endlich mal ein paar ergattert ğŸ˜ğŸ˜ğŸ˜
307,Das ging wirklich zu schnell ğŸ˜­ğŸ˜­
308,SchÃ¶n die Davidoff Kippe NICE ğŸ”¥
309,ğŸ˜ergattertğŸ˜
310,"Ich fand euch immer gut, aber rauchen â€¦find ich halt doof â€¦"
311,Juhuuu hatte endlich mal wieder GlÃ¼ck freu mich drauf ğŸ™Œ
312,smoothie & kippe einfach komplette ernÃ¤hrungspyramide
313,Nur der Filter bringt die Bilder #gutepartie #zigarettedichdurchdenabend #truefruitsxljubav
314,Der Teppich !!! Kindheit ğŸ˜‚ğŸ˜‚
315,Gibts die AufsÃ¤tze eventuell nochmal? ğŸ˜¢ schon ausverkauft ğŸ˜¢
316,"Das ist ein merch eines rapper namens "" Rin "" truefruits hat eine Kooperation mit ihm"
317,Bondage Cats ğŸˆ hatte ihr aber schon!ğŸ§¸ğŸ¾ğŸ«£ğŸ˜‰
318,Mega!!!ğŸ‘ğŸ‘ğŸ‘ğŸ‘ğŸ‘
319,Zu Bild Nr. 3: ich hoffe es sind Klebestreifen ğŸ˜ˆ
320,ğŸ‘ğŸ»ğŸ‘ğŸ»ğŸ‘ğŸ»
321,Es heiÃŸt â€Ich mÃ¶chteâ€œ ğŸ¤ªğŸ¤ª
322,Sory aber nach der ganzen Werbung denke ich es schmeckt nach Zigaretten ğŸ˜‚ğŸ™Œ SpaÃŸ
323,Dachte es hieÃŸe â€je Filter desto tilterâ€œ ?!
324,Braucht es wirklich im Jahr 2022 eine Zigaretten-verherrlichende Kampagne eines Smoothie Herstellers ? Versteh ich nicht & finde ich zugegebenermaÃŸen absolut scheisse.
325,"Kinder, die was wollen..."
326,Icb mag eure GetrÃ¤nke wirklich sehr und werde sie auch weiter kaufen aber eine Kampagne die das rauchen ğŸš¬ so in den Vordergrund stellt finde ich nicht sehr gut gewÃ¤hlt. JA ich weiÃŸ es geht nicht ums rauchen an sich â€¦ Kooperation hin Kooperation her ja Werbung ist ok â€¦ ich finde sie nicht gut gewÃ¤hlt
327,Den Aschenbecher hÃ¤tte ich echt gerne
328,Nach was schmeckt es denn???
329,Das ist von RIN :) ğŸ˜
330,Ich auch
331,Echt uncool
332,"Ich check jetzt irgendwie immer noch nicht den Sinn dieser Flaschen und vorallem die ZigaretteğŸ§. Sorry, not sorry, aber bringt doch lieber mal die FrÃ¼hlingsedition rausğŸ˜. Euer erste Beitrag in den letzten 2 Jahren hierzu waren in der 13. KW."
333,Diese ganzen leute hier mit stock im arsch junge amen
334,kein Durchblick #rauchtmannicht #truefruitsxljubav
335,@aditotoro bist du das ?!ğŸ¤”
336,Gar keinen
337,Wo gibt es die in Bochum????
338,Wo gibt's die im Rhein-Sieg Kreis
339,Noch Asche Ã¼brig? #rauchtmannicht #truefruitsxljubav
340,Sieht aus wie Shisha Tabak
341,"Geld spielt die Musik, auch bei Kooperationen"
342,ğŸ˜ğŸ˜ğŸ˜ğŸ‘ğŸ‘ğŸ‘ğŸ‘ğŸ‘ğŸ‘ğŸ‘ğŸ‡­ğŸ‡·ğŸ‡­ğŸ‡·
343,"Hab das aber bei einem unserer Kunden gesehen, wirdâ€™s den Aschenbecher Aufsatz auch fÃ¼r normalsterbliche geben? ğŸ¤”"
344,Damn! Was ne Kombo
345,Ljubav ğŸ˜‰âœŒï¸
346,ğŸ˜¡ğŸ˜¡ğŸ˜¡ğŸ˜¡ğŸ˜¡ğŸ˜¡ğŸ˜¤ğŸ˜¤ğŸ˜¤ğŸ˜¤ğŸ˜¤ğŸ˜¤ğŸ˜¤ğŸ˜¤ğŸ˜¤ğŸ˜¤ğŸ˜¤ğŸ˜¤ğŸ˜¤ğŸ˜¤ğŸ˜¤ğŸ˜¤ğŸ˜¤ğŸ˜¤ğŸ‘ŠğŸ’ª
347,"â€Ich rauche nur, wenn ich blau bin.â€œ #rauchzeichen #rauchtmannicht"
348,Ich hab heute was neues GRÃœNES im Regal gefunden ğŸ‘
349,Ganz mein Motto â¤ï¸
350,"Ich bin nur blau, wenn ich rauche."
351,Darf ich Spoilern??? Ich habe schon wieder den Waldmeisterâ€¦ zur Zeit bin ich schneller als ihr mit euren Anzeigen ğŸ˜œ
352,Auch nur den grÃ¼nen gefunden ğŸ˜¢ need the blue oneğŸ¤·ğŸ˜
353,Ich Rauche blau manchmal rot manchmal weiÃŸ ğŸ³
354,@gabriel.turcanu ğŸ˜‚ğŸ˜‚
355,ğŸ’™
356,Bis jetzt keine gefundenâ€¦.
357,Die Dinger sind seltener als Supreme Box-Logo
358,Ich dachte zuerst es wÃ¤re eine Koop mit AdBlue. Am Besten mit HarnsÃ¤ure ğŸ¤£ğŸ¤£ğŸ¤£
359,An die die nichts finden und aus Hamburg kommen: Rewe direkt neben Bahnhof Altona (die haben immer limited Editions)
360,Habe bis heute keine gefunden
361,Nicht mal in Bietigheim oder Stuttgart welche gefunden :(
362,Heute gecoppt
363,ğŸ’™
364,ğŸ˜‚ğŸ˜‚ğŸ˜‚ğŸ˜‚ğŸ˜‚ğŸ˜‚
365,ğŸ’™
366,In Dresden zufÃ¤llig schon jemand gefunden ? ğŸ¥²
367,wo kÃ¶nnte man sie in der schweiz finden?
368,Vor fast 2 Wochen gesehen und direkt gekauftğŸ’ªğŸ¼
369,Bereits zusammen mit Waldmeister in GV im Kaufland entdeckt
370,in der Schweiz noch nicht gefunden :((
371,We need the Aschenbecher Aufsatz in Silber ğŸ¥¹
372,Gerade gekauft ğŸ‘ğŸ»
373,Ljubav ist die Macht ğŸ’™
374,In Mettmann gibts noch welche ğŸ˜
375,ğŸ’™ğŸ’ªğŸ»
376,Ziehâ€™s Dir rein! #truefruitsxljubav #rauchtmannicht
377,KÃ¶nnt ihr nochmal in den SupermÃ¤rkten nachfÃ¼llen oder nachliefern hab leider nichts gefunden :( oder wie gesagt keine bekommen @truefruitssmoothies
378,"wooo in berlin, ich hÃ¤tte sie so so gerne ğŸ¥²"
379,Bei uns im Dorf steht der gefÃ¼hlt 50x im Regal ğŸ˜…
380,@rewe.bugenhagen habt ihr noch Flaschen da?ğŸ˜Š
381,@laurapske das meinte ich
382,@dvxns wenns die nicht bei uns im rewe gibt abmahnung fÃ¼r den Chef
383,Hat die schon jemand in Dresden gefunden ? ğŸ¥¹ğŸ¥¹ğŸ¥¹
384,Edeka?
385,wo kÃ¶nnte man sie in der schweiz finden?
386,Ich hab sie ğŸ˜
387,Hab noch eine volle dm ab mich haha
388,Unser Rewe hat keine ğŸ˜¢My Disappointment is Immeasurable and My Day is Ruined
389,wie bestellen?ğŸ˜®
390,"Bei uns gibt es die seit Wochen, was die mir sagen sollen versteh ich immer noch nicht"
391,@roystiger.ve konntest du schon probieren?
392,Nervig ... gibt's doch alle immer wieder nur in wenigen Shops ... oder Jahre spÃ¤ter! Bin raus ...
393,wo sind die in der schweiz?
394,In Frankfurt schon ergattern kÃ¶nnen
395,VerfÃ¼gbar in der Schweiz?
396,Die gibts garnicht ihr LÃ¼gner ğŸ¤¥
397,"Bist Du fetisch fÃ¼r nen neuen Job? Wir suchen einen Social Media Manager &
Texter (m/w/d). Swipe fÃ¼r alle Infos & schreib uns an jobs@true-fruits.com #ichhÃ¶reauf #antisocialsocialmediaclub #truefruits"
398,@caro_encamino na wie wÃ¤re es?
399,@truefruitssmoothies where I can orden some of these? I tried this week and I loved it! â¤ï¸
400,"Bonn, wa? Meh."
401,Das wÃ¤re Nice
402,@jonesbua ğŸ˜ğŸ˜‰
403,@tommyslehrreichelehrfilme dein Neuer job!
404,Schade dass ihr in Bonn sitzt ;)
405,"Oh Mann, wie cool ist eure Stellenausschreibung ğŸ¤· hat man auch als Quereinschei.. -Steiger eine Chance bei euch? ğŸ˜‚"
406,"Ich machs fÃ¼r 4,5k , 100% home office & frei suff. #bwerbung #textdrugsandrocknroll"
407,@jasminbtnr @anna.kay.kay Solche Stellenanzeigen ğŸ˜„ğŸ˜
408,"Warum Bonn, warum? ğŸ¥ºğŸ‘€"
409,Nur in Bonn ?
410,@sonca_84 ğŸ˜œ
411,"Auferstehen, FrÃ¼hstÃ¼ck ist fertig! ğŸ£
PS Unser Oster Set mit sechs Smoothies und zwei AufsÃ¤tzen findest Du jetzt auf true-fruits.com #eiloveyou #truefruits"
412,Die neuen Waldmeister Flaschen sind cool und lecker ğŸ˜â¤ï¸
413,Ist die Flasche mit Hafermilch aktuell oder kommt die noch?
414,"Bald ist Ostern, Unternehmen locken mit Osterangeboten und machen schlechte Eier-Wortwitze. Und wir machen mit: Wenn Du Eier hast, bestellst Du jetzt unser Oster-Set. Hase noch nicht bestellt? Dann gib uns kein KÃ¶rbchen und KÃ¼cken mal mit Deinem EiPhone in unserem Onlineshop vorbei. #ohweiohwei #eiloveyou #truefruits"
415,Love it! ğŸ˜
416,Ihr seid unfassbar geil im Texten... Daumen hoch ğŸ‘
417,@__.patrick.____ der Text ğŸ‘Œ
418,@ishaltjetztso Und deswegen solltest du dich bei truefruits bewerben ğŸ˜„ğŸ™ŒğŸ¼
419,"Hab zwar kein Ei-Phone, dafÃ¼r aber ein HUAWğŸ¥š. ğŸ˜‚ - Also passt es schon. ğŸ˜‰"
420,ğŸ¤£ Ich liebs
421,On Wednesdays we drink pink. #nailedit #youcantsipwithus
422,Das ist einfach der beste Smoothie
423,Hmm wie lecker das aussieht ğŸ˜
424,Das Internet vergisst nicht!
425,Meine Lieblingssorte ğŸ’—
426,Geil
427,ğŸ˜‚
428,Das Internet vergisst euer rassistisches Verhalten nicht. ğŸ–•ğŸ¼
429,Geil
430,Das ist der beste
431,Cringe
432,Nein zu Rassismus!
433,ğŸ˜ğŸ˜
434,Cringe eue Humor aber eui GsÃ¶ff sind echt stabiiil ğŸ¤£ğŸ‘ŒğŸ»
435,Absoluter Favorit ğŸ¤¤ğŸ˜
436,"Hmm lecker, schon mit der Banane in die rote See stechen ğŸ˜"
437,Ihr seid immer noch racist - das Internet vergisst nicht
438,Idee von @aldinord kopiert?
439,@thy_ass_is_murder
440,Drachenfrucht zÃ¤hmen leicht gemacht. #canyouhandlethis #fabelhaft
441,ğŸ”¥ğŸ”¥ğŸ”¥
442,ğŸ˜ğŸ˜ğŸ˜
443,ğŸ¤¤
444,Woher bekommt ihr eure DrachenfrÃ¼chte? Ich mÃ¶chte nÃ¤mlich selbst welche anpflanzen.
445,"Wenn Du wirklich was zu bieten hast und einen Ausbildungsplatz als Kaufmann/ -frau fÃ¼r BÃ¼romanagement willst, guck mal auf unserer Internetseite vorbei & schreib uns eine Mail an jobs@true-fruits.com #neuelieblingsstellung #truefruits"
446,ğŸ˜ğŸ˜ğŸ˜
447,So ist es ğŸ‘Œ
448,ğŸ˜‚
449,Mein liebling!â¤ï¸â¤ï¸â¤ï¸â¤ï¸
450,Cringe
451,FÃ¼r euer online Marketing arbeiten... sehe ich mich
452,ahso warte falsch gelesen
453,deswegen studium abgebrochenğŸ˜¼
454,Das ist Fakt. ğŸ¤“
455,Eure SprÃ¼che werden immer schlechter
456,Unseren SprÃ¼hblÃ¼her findest Du unter true-fruits.com/upcycling #sprÃ¼hling #achdumeineblÃ¼te
457,Coole Idee ğŸ‘
458,Pflanz oder garnicht. #Ã¼bersichhinauswachsen #zeitfÃ¼rwaxing
459,Flanziska likes.
460,"Gibt es eine Anleitung wie man die AufhÃ¤ngungen knotet? Oder sind die gekauft, wenn ja wo?"
461,Wir wollen saufen!
462,@buenoshurup
463,So nÃ¤mlich ğŸ˜
464,"Im Auto sitzen
Radio an
Scheibe hoch
Erstmal einen saufen!"
465,ğŸ˜ğŸ˜ğŸ˜
466,Wo bekomme ich diesen Deckel her? ğŸ˜
467,Ich auch ğŸ˜‚
468,"Smoothie danach, Smoothie davor - Smoothie DABEI."
469,@ingo_ohne_flamingo_official
470,Hurra!
471,Red ruhig weiter #denglisch #enjoylifeinfulltrains
472,Soooo lecker ğŸ˜
473,Shrimply the best #dÃ¶dÃ¶dÃ¶dÃ¶
474,"Wirklich nğŸ¦ idee mit den aufsÃ¤tzen, nur leider sind die maÃŸlos Ã¼berteuert #kirchenmaus"
475,Wird der Seifenspender-Aufsatz jemals wieder verfÃ¼gbar sein? ğŸ˜¯
476,Ich hoffe in dem FrÃ¼hlingssmoothie sind keine Shrimps.
477,"Es ist Sonntag, erstmal FÃ¼ÃŸe hoch. #obstcouture #faulesocke"
478,Ich hoffe mein smoothie wird so geprwsst
479,Ist das eine Twin Peaks Referenz?
480,ğŸ˜ğŸ˜ğŸ˜ğŸ˜
481,Vllt. mal die FÃ¼ÃŸchen still halten ! Hm?
482,#truefootsmoothies
483,Online FÃ¼ÃŸe zeigen ist immer ein Wagnis ğŸ‘€
484,Das Wunder von Beeren #achtungderkommtflach #kickttrotzdem #abernichtlikebeckham #egalhauptsachefreitag
485,Der spoiler zu gossip girl ist Ã¼brigens absolut nicht cool auf der FlascheğŸ¤¦ğŸ½â€â™€ï¸
486,Wann kommt die FrÃ¼hlingseditionğŸ˜ğŸ˜
487,Wo gibt es den?
488,â€¦viel Vitamin C steckt in unserem Goldenen Shot. #500mg
489,Den kÃ¶nnte ich zur Corona - Genesung gebrauchen. In unserem Rewe allerdings nichts zu kaufen.ğŸ¥²
490,ğŸ”¥ğŸ˜
491,Schmeckt auf jeden Fall gut ğŸ‘ğŸ»
492,Gibt das Bundesinstitut fÃ¼r Risikobewertung nicht eine Empfehlung von maximal 250mg pro Tag an ğŸ¤”
493,@tlow1708 @t_virginia_ Lieferung erfolgt zeitnah ğŸ˜‰ğŸ˜ŠğŸ˜¬
494,Sauber!
495,@stay_zi einmal alle bitte :)
496,Der Hammer #handsdown
497,"ğˆ ğ¬ğ­ğšğ«ğ­ğğ ğ°ğ¢ğ­ğ¡ $1000 ğšğ§ğ ğ¢ğ§ 5days ğ¢ ğ°ğšğ¬ ğœğ«ğğğ¢ğ­ğğ $5,000 ğğ±ğœğ¥ğ®ğğ¢ğ§ğ  ğ—ºğ² $1000 ğ¬ğ­ğšğ«ğ­ğ®ğ© ğœğšğ©ğ¢ğ­ğšğ¥. ğˆğ—ºğšğ ğ¢ğ§ğ ğ¡ğ—¼ğ° ğ—ºğ®ğœğ¡ ğ²ğ—¼ğ® ğ°ğ¢ğ¥ğ¥ ğ—ºğšğ¤ğ ğ°ğ¢ğ­ğ¡ ğš ğ¡ğ¢ğ ğ¡ğğ« ğ¬ğ­ğšğ«ğ­ğ®ğ© ğœğšğ«ğ©ğ¢ğ­ğšğ¥? Thanks @earn_with_dorothy_harris"
498,Geile Ringe
499,"T-0,367 Sekunden. SchrÃ¶dingers Smoothie."
500,he cant hear us he has headphonesğŸ’”
501,NOOO GOLD ENER SHOT WATCH OUT
502,HammermÃ¤ÃŸig ğŸ˜
503,Gute Goldanlage! #hoheliquiditÃ¤t #goldbeutel
504,Heute mal zum testen mitgenommen
505,Der Shot mit der goldenen Uhr ğŸ˜‚ğŸ˜‚ğŸ˜‚
506,Wer kann?!?... der kann! ğŸ˜‚ğŸ˜ğŸ™Œâ¤ï¸
507,Der Goldene Sch(n)atz ğŸ™Œ #nimmdass3000
508,Es ist das Gold wert. #goldgeil #vitamincshot
509,Mal wieder sensationell ğŸ‘
510,"Sehr makaber vom Namen her. Schon mal etwas vom Goldenen Schuss gehÃ¶rt? Bezeichnet auch eine letzte/Ãœberdosis Heroin, die dann am Ende zum Tod fÃ¼hrt. Schwierig der Name."
511,Bei dem Preis Wunder ich mich jz nicht mehr :0
512,ğŸ”¥
513,Das sieht ja arg lakÃ¶rig aus - NICE!ğŸ”¥
514,"Liebes true fruits team.
Was ist das fÃ¼r nen cooler Mixer? Jedesmal wenn ich versuche meine Goldringe zu mixen, fliegt mir mein das Teil um die Ohren. Kann ich mir euren mal leihen?"
515,Steht schon in meinem RegalğŸ”¥
516,Schmeckt gut ğŸ”¥
517,Sehr cool âœ¨!
518,Der ist echt gut ğŸ˜ schmeckt mir besser als die anderen shots bin euch
519,Leider geil ğŸ™Œ
520,Ist die goldene Uhr auch drin? ğŸ˜‚
521,Sind ihre Smoothie Rohkost?
522,Schmeckt mir nicht.
523,@pinkpersianunicorn dein Spot ist deutlich gelungenerğŸ”¥
524,@janinavlk wird Zeit dass wir den endlich trinken ğŸ¤¨
525,Tja @truefruitssmoothies eure Produkte gibt es hier leider auf Kreta nirgends!
526,@truefruitssmoothies ist DAS wirklich eure Werbung fÃ¼r das Ding? Wollt ihr nicht lieber die MÃ¶si @pinkpersianunicorn bei euch ins Marketing setzen? Dann klappt auch mit ner geilen Werbung ğŸ˜ğŸ˜‚ğŸ˜‚ğŸ˜‚
527,Old but gold #goldwert
528,nicht schlicht #schlichtweg
529,Wie erklÃ¤rt diesen Preis?
530,Warum nur als limited Edition?
531,Ich hab mir gerade erst zwei davon gekauft!
532,Nimmâ€™s selbst in die Hand! #handlich
533,@___alesja______
534,Ist der auch in der Schweiz erhÃ¤ltlich?
535,@ginatoettel @_vicky_klaus_
536,Schmeckt gut ğŸ‘ ğŸ¤¤
537,"Ab jetzt im KÃ¼hlregal: Unsere Shot Limited Edition no. 4. Der goldene Shot ist ein Mix aus Acerola, Orange, Ingwer, Agave, Gojibeeren, Zitrone und Maracuja und enthÃ¤lt 500mg Vitamin C pro Pulle."
538,@_neram_92
539,Wo gibt es den in Frankfurt am Main?
540,Can you send to Belgium?
541,Der bisher beste ğŸ˜
542,@truefruitssmoothies KÃ¶nnt ihr mir sagen wo ich das in Darmstadt und Umgebung finde? Die ersten drei Limiteds hab ich leider nicht gefundenâ€¦ğŸ˜¢
543,"Bin ich eigentlich die Einige, die bei dem Nsmen irgendeine Art von ENERgy erwartet hatte? Mal abgesehen von Vitaminen und Spice? ğŸ˜’"
544,"Der goldene Schuss ğŸ˜‚
Auch mit diacetylmorphin?"
545,@soeren_linke â˜ºï¸
546,@goereas Kaufland vielleicht
547,@lars.g2304 ğŸ˜®ğŸ˜
548,KÃ¶nnt ihr mir sagen wo in Duisburg ich den bekommen kann?
549,@magda.lena.rlg ğŸ˜
550,Ich werde es nie verstehen: warum gibt es nicht ALLE Produkte bei Euch im Onlineshop zu kaufen !? ğŸ¤¨
551,@melaniekirmsse den brauch ich! ğŸ˜
552,Kann mir jemand sagen was Shot Limited Edition No.1-3 ist?
553,@m.ortimer ğŸ‘€ auf
554,@janinavlk den brauchen wir !
555,Gibt's bei uns schon im HIT
556,ğŸ˜‹ğŸ¤¤ğŸ¤¤
557,Schon probiert ğŸ‘ğŸ‘ğŸ‘
558,Hier seht ihr unsere neuen Flaschentexte auf den 750ml Pullen. Zu SpÃ¤ÃŸen sind wir im Moment nicht aufgelegt
559,Sind Ihre Smoothie Rohkost oder?
560,Wie? Sonst habt ihr doch immer was rassistisches oder sexistisches auf Lager
561,Mal ein mit Erdbeere der bisschen wie Power Rade schmec
562,ğŸ˜ğŸ˜ğŸ˜ğŸ˜
563,ğŸ™Œ
564,Das ist wohl im Moment niemand ğŸ˜¢. Leider.
565,Se sun is so strong baby! ğŸ¥µ #dascheintdirdiesonneausdemglas #truefruits
566,ğŸ˜
567,"Weil niemand gefragt hat:
#umgotteswillen #truefruits"
568,Wieso gibts die nicht in gross?? ğŸ˜¢
569,"Unfassbar lecker, langsam denke ich sogar ernsthaft darÃ¼ber nach, eure Suchthotline zu benutzen!"
570,No hate aber die neue Variante stinkt ziemlich ab im Vergleich zu dem gecko auf der alten. Bitte bringt die zurÃ¼ck
571,Meine Lieblingssorteâ€¦warum gibts die nicht in GROSS??ğŸ˜
572,@truefruitssmoothies gibts diese sorte auch in Ã¶sterreich- wenn ja wo?
573,ğŸ˜ğŸ‘
574,ğŸ˜‹ğŸ¤—ğŸ¤—
575,Wieso gibtâ€™s die Sorte nicht in Niedersachsen?! Hab ich noch nie gesehen.
576,Ich will ne Pulle mit Pinguin ğŸ§ğŸ§ğŸ§
577,@truefruitssmoothies schonmal drÃ¼ber nachgedacht den in ner SÃ¤ft Flasche zu verkaufen ğŸ¤” Konsistenz ist ja fast wie Saft und ich hab die Flaschenform einfach geliebt. Zumal es mir natÃ¼rlich in 750ml eh wieder zu Gute kÃ¤me ğŸ¤—ğŸ™‹â€â™‚ï¸
578,meine lieblingssorte â¤ï¸
579,Also ich find den Smoothie so Hammer lecker erfrischend â¤ï¸
580,Wir wollen den Gecko ğŸ¦ wieder!!
581,"Elementare Frage: Welcher Heilstein ist der besser fÃ¼r Chakrareinigungen, Rosenquarz oder Ziegelstein? #derkannnurklingen #allesnurschallundweihrauch #truefruits"
582,LÃ¶we gibt es bei uns leider nicht ğŸ˜¢
583,@truefruitssmoothies gibts die noch zu kaufen? Oder sind die bald nicht mehr dabei? ğŸ¥º
584,Zwillinge sind 2 mal rastlos?
585,Ich finde kein WidderğŸ˜¢
586,LÃ¶we hab ich glaub in 10 LÃ¤den gesucht...ğŸ˜¢ nichts zu finden sehr schade hatte kein Einfluss auf mein SternzeichenğŸ˜‚
587,Hab mir mein Steinbock Smoothie gekauft. Der Deckel innerhalb des Deckel und Verschluss sind Schimmelflecken und alte RÃ¼ckstÃ¤ndeâ€¦. Bin mega enttÃ¤uscht 4â‚¬ unnÃ¶tig ausgeheben. ğŸ¤¢
588,gibt es auch widder?
589,"Suche schon die ganze Zeit LÃ¶we, Steinbock, Zwillinge ğŸ˜”ğŸ˜”"
590,@truefruitssmoothies kann man die bei euch bestellen?
591,@claralinah @lailamarlie brauchen wir ğŸ’â€â™€ï¸
592,@clieen gibt es die bei euch im Rewe oder Kaufland? Brauche Fische und LÃ¶wen ğŸ¤©
593,Ziegel
594,suche schon die ganze Zeit Fische & Stier ğŸ˜¢ weiÃŸ jemand wo ich die im Saarland finde ? ğŸ˜¢ ich hab zwischen SaarbrÃ¼cken und Homburg schon fast jeden Laden abgeklappert ğŸ˜¢
595,@jesslibee ğŸ¦ğŸ˜‡ğŸ’‹
596,@_melly_he ğŸ˜‚
597,ğŸ‘ğŸ˜‚
598,Piece of art! ğŸ¤ğŸ”®
599,Wieso ist Waage grÃ¼n ? ğŸ˜¢
600,Will doch nur nen Widder ğŸ¥²ğŸ¥º
601,"Ziegelstein ist ein Universalheilmittel, egal ob du damit deine Chakren oder den Juwelier nebenan bereinigen musst."
602,Besonders mittwochs abends #dasmachtlustaufmehr #heiligerbimbam #truefruits
603,Hahaha erwischt
604,ğŸ˜‚ğŸ™Œ
605,Missetat begangen! #einfachzauberhaft #magischganzgerne #truefruits
606,â¤ï¸â¤ï¸â¤ï¸â¤ï¸â¤ï¸â¤ï¸
607,ğŸ§™ğŸ¼â€â™€ï¸
608,"50 Cent verschwendet, wenn der
letzte Schluck drin bleibt... #justalilsip #truefruits"
609,ğŸ˜‚ğŸ˜‚ğŸ”¥
610,@god_morpheus ğŸ˜‚ğŸ˜‚ğŸ˜‚
611,ğŸ˜‚
612,"Die schlechteste HalftimeShow seit Jahren! Miese Synchronisation, bescheidenes Playbackâ€¦.
Lag das am Smoothie??ğŸ˜‚"
613,"""You can find me in the club, bottle full of @truefruitssmoothies"""
614,@n1co_tr
615,Liebe kann auch 10 Minuten warten. Jetzt das Last Minute Geschenk bei Gorillas bestellen â¤ï¸â€ğŸ”¥ #illgetyouflowernextyear #truefruits #gorillas
616,War zum Zeitpunkt des Posts schon nicht mehr lieferbar - umsonst die App runtergeladenâ€¦.ein Witz!
617,"Ich liebe euch aber wenn es nicht mal in Bonn funktioniert. In Eurer Stadt. DA WO DEIN HAUS WOHNT ğŸ˜¬
@truefruitssmoothies Eure Ideen sind beste, aber bitte bitte liefert doch mal von jeder Sonderedition in die gesamte Bonner Region etwas mehr, damit man ne reelle Chance hat etwas davon zu kaufen. ğŸ™ğŸ»ğŸ™ƒ #youdontsuckasmuch"
618,Ok. Bin morgen da!!
619,Ist nicht verfÃ¼gbar :(
620,Ach Du Cakeâ€¦! #illgetyouflowersnextyear #truefruits
621,ğŸ˜‚â¤ï¸
622,ğŸ”¥ğŸ”¥ğŸ”¥ Love â€¦ so much loveâ€¦ for your #creativebrains â™¥ï¸
623,ğŸ˜‚ğŸ˜‚ğŸ˜‚ğŸ˜‚ğŸ˜‚ perfekt
624,ğŸ˜‚ğŸ˜‚ğŸ˜‚ğŸ˜‚ğŸ‘ğŸ‘ğŸ‘ğŸ‘
625,Lol ich feier die Flasche
626,Ich geh ein ğŸ˜‚
627,wo gibts die Flasche?ğŸ˜‚
628,"Toll, dass es das bei Gorillas gibt. Nicht. Bei. Uns. :-("
629,4evalone
630,Remember das waren wahrscheinlich Kollegen
631,Ich liebe die Flasche â¤ï¸. Bei unserem @gorillasapp leider schon ausverkauft ğŸ˜­ğŸ˜­
632,"Sad, gibt keine @gorillasapp bei uns ğŸ˜¢"
633,@k.atharinaelisabeth Ach du Cake ğŸ˜‚ liebs â¤ï¸
634,@f.l.o.r.i_11 erinnert mich an unsere KÃ¼che
635,"Der Valentinstag kam mal wieder aus dem nichts und Du stehst ohne Geschenk da?! Heute ist das Problem in Minuten gelÃ¶st, denn Gorillas bringt Dir unsere Valentinstags-Limited Edition direkt nach Hause. Mit ihr im Rucksack wird Dein Rider vielleicht nicht direkt zu Amor aber immerhin zum Retter in der letzten Sekunde. #illgetyouflowersnextyear #truefruits #gorillas"
636,Dabei habt ihr leider nur an die GroÃŸstadtmenschen gedacht ...
637,@madame_relaxed Q7 ğŸ˜‚
638,"Ihr mit eurem Gorilla, gibt's nicht Ã¼berall!"
639,Meine Freundin wohnt im Liefergebiet - da hab ich die Flasche hin bestellt! Nach sage und schreibe 6 Minuten hat der Typ mit der Flasche unterâ€˜m Arm bei ihr an der TÃ¼r geklingelt! ğŸ¤© MEHR GEHT NICHT! ğŸ‘ğŸ¼ğŸ‘ğŸ¼ğŸ‘ğŸ¼
640,Sehr cooles DesignğŸ˜ŠğŸ‘
641,Gibts den auch im Supermarkt?
642,@danbaen ğŸ™„
643,...die beliefern nicht mal ein Stadtviertel in meiner Stadt. Wie soll man da bestellen??? Das ist einfach scheiÃŸe.
644,Der Dienst ist schlecht und liefert nur in der Innenstadt
645,Liefert nicht zu uns
646,Leute die gibts auch im Rewe?! Bei uns stehen die dort im Regal!
647,@nicii.223 ğŸ˜‚ğŸ˜‚ WÃ¤r ne Flasche fÃ¼r dich
648,Die sind alle zu Gorilla ins Lager....damit man schÃ¶n verdient
649,â¤ï¸â€ğŸ”¥â¤ï¸â€ğŸ”¥â¤ï¸â€ğŸ”¥
650,"DÃ¼mmere Aktion hÃ¤ttet ihr wahrscheinlich nicht starten kÃ¶nnen, abgesehen davon das sie evtl ausverkauft ist, werden zig StÃ¤dte nicht beliefertâ€¦ humorloser Schwachsinn
In der Vergangenheit konntet ihr es doch auch, warum diesmal nicht ?"
651,ğŸ˜
652,@surj_sarah_
653,@1up_jonas ğŸ˜‚â¤ï¸
654,@tequilena
655,Bei uns liefern die nicht! Und ich hÃ¤tte sie so gerneğŸ˜­ğŸ˜­ğŸ˜­ğŸ˜­
656,â¤ï¸â€ğŸ”¥
657,"Die Flasche ist der Hammer.
Die Aktion dagegen eher uncool. Wollt ihr eure Kunden eigentlich Ã¼berhaupt erreichen?
Sehr schade. Bitte auch gerne mal einfach ein paar mehr Flaschen produzieren, ist ja jedes mal das gleiche mit euch.
@truefruitssmoothies"
658,"Schade, dass heute der Newsletter kommt und sie bei Gorillas schon ausverkauften sind ğŸ˜¢"
659,"Finde diese Aktion sehr enttÃ¤uschend, Gorillas liefert gefÃ¼hlt nur in 10 StÃ¤dten in Deutschland und keine einzige im Saarland. Bin sehr enttÃ¤uscht darÃ¼ber, die letzten 5 Flaschen waren hier nicht erhÃ¤ltlich ğŸ˜¢"
660,"Ach wie blÃ¶d, dass ich nicht in einer Stadt wohne, in der Gorillas liefert.ğŸ˜¢"
661,@philipp.jauss
662,ğŸ”¥â¤ï¸
663,@kevin.roeder95 ğŸ˜‚
664,I love it! ğŸ‘ŒğŸ»ğŸ˜„ğŸ¤
665,Wann!??
666,ğŸ”¥
667,"bitte, danke #urlaubsguru #truefruits"
668,#gerngeschehen ğŸ˜
669,Urlaubstage sieht text ğŸ˜„ğŸ˜„ğŸ˜„
670,"Leute, ich muss meinen Urlaub immer schon im Oktober des einreichenâ€¦sowas mÃ¼sst ihr frÃ¼her rausbringen. ğŸ˜„"
671,ğŸ¤© DankeschÃ¶n
672,"Ich, aus dem Sozialwesen, welches weder WE noch Feiertage kennt ğŸ˜"
673,ğŸ˜
674,"Coole Farbe, schmeckt sicher voll lecker"
675,Hat da euer Tom Urlaub?ğŸ˜‚
676,"ich muss mich mal bei dem Edka in meinem 11 Einwohner Kaff beschweren! Die fÃ¼hren eure smoothies aber die neuen Sorten und Designs sind nie dabei! Als ihr die Partei Designs zur Wahl rausgebracht habt, hab ich nur eine einzige davon gesehen"
677,Ihr fordert eine erneute Weltwirtschaftskrise heraus... das ist euch bewusst ... ja?!? ğŸ˜‚ğŸ‘ğŸ”¥
678,ğŸ˜‚
679,Ich die in der Gastronomie arbeitet : ğŸ˜‘
680,@aennsen22 das ist genau deins ğŸ˜œğŸ˜…
681,Ja toll. Jetzt machens alle so und mein Urlaub wird nicht genehmigt ğŸ¤£
682,Arbeitgeber hassen diesen Trick
683,Funktioniert aber auch nicht fÃ¼r alle Berufe. ğŸ¤£
684,"DonÂ´t drop it, cause itÂ´s hot #smoothdog #germanysnexttopbottle #truefruits"
685,"Dass ihr scheinbar nicht wisst, was ein Apostroph ist, ist traurig - aber immer noch besser als eure rassistische â€Werbungâ€œ."
686,@liiswo & @lillypeeds @esther_grm ğŸ˜‚ğŸ˜‚
687,"Die falschen Zeichen statt der Apostrophe tun weh, Ihr Monster."
688,"Ihr macht richtig SpaÃŸ Leute, Chapeau ğŸ©ğŸ¥³"
689,"Chai Tea FrÃ¼hlingsedition wÃ¤re bestimmt ein genialer Verkaufsschlager, nur ob's als Smoothie Schmeckt ist die FrageğŸ˜…"
690,ğŸ˜‚ğŸ˜‚ğŸ˜‚ you know its lit
691,ğŸ˜‚ğŸ˜‚ğŸ˜‚ğŸ‘ŒğŸ¼
692,Aber 2022 wird Dein Jahr! #najahr #truefruits
693,@truefruitssmoothies Bitte bringt die wirklich ğŸ”¥
694,WÃ¼rde mich auch interessieren
695,Gibtâ€™s die wirklich?ğŸ¾ğŸ§¸
696,"Kann ich nich aussprechen, mach ich auch nich #flaschentausch #truefruits"
697,Is da Kindermilsch drin?
698,Is ja eeekelhaft!
699,Ekelhaff â¤ï¸
700,ğŸ˜‚
701,Hahaaaa ğŸ˜‚ â€bio ist fÃ¼r mich MÃ¼llâ€œ
702,ğŸ˜‚
703,"mein terreri-hÃ¤-te-ri, mir egal ğŸ¥²"
704,Damit machen wir es nicht nur der waagerecht #einfachmalwaswaagen #truefruits
705,Ich habe am 23.02.2022 einen Smoothie gegauft. Als ich ihn gerade aufgemacht habe sehe ich Schimmel im Deckel und im Schraubverschluss.4â‚¬ wÃ¼rde ich niemals wieder ausgeben. Bin mega enttÃ¤uscht ğŸ¤¢ğŸ˜¶
706,Wie viel WÃ¶rter kann man in dem RÃ¤tsel finden?
707,Gibt es die immer noch?
708,@l0rry_992 @_lenamary
709,"ğŸ˜ Wenn ihr euch fÃ¼r Sternzeichen & Planeten interessiert, seid ihr bei mir genaue richtig. ğŸªğŸ¤"
710,ğŸ‘ğŸ‘ğŸ‘
711,"Also das war gestern der erste smoothie den ich je probiert habeâ€¦meine Euphorie wurde direkt bei der Farbe ausgebremstâ€¦dran gerochenâ€¦vorsichtig diese giftgrÃ¼ne Pampe probiertâ€¦und total begeistert! Man schneckt das grÃ¼ne Zeug klasse!!!
Die anderen trau ich mir glatt auch noch zu - aber wir wollen mal nicht Ã¼bertreiben ğŸ˜‰"
712,ğŸ¤£ğŸ‘ğŸ»ğŸ‘ğŸ»
713,"@2_kuhl Dein Auftritt, Sis! ğŸ˜ - (Leider noch nicht gefunden ğŸ˜”)."
714,@das_kattl ğŸ˜‰ Wenn ich die jetzt noch irgendwo mal sehen wÃ¼rde ğŸ€
715,Heute gekauft ğŸ˜®
716,â¤ï¸ğŸ™ŒğŸ”¥
717,@d_e_r_y_a1
718,Wenn Du jetzt A$AP in den Supermarkt lÃ¤ufst und Dir die Flasche kaufst... #bitchbetterhavemymoney #horoskopus #truefruits
719,Lol ganz besonders Rihanna wÃ¼rde ganz sicher nicht GesÃ¶ff von Rassisten trinken.
720,ğŸ˜‚ğŸ˜‚ğŸ˜‚ğŸ˜‚
721,@tobias_d_fadinger ğŸ˜‚ğŸ˜‚
722,Astronomie>>>Astrologie
723,@mrtna.s ğŸ˜‚
724,Ich als stolzer SchÃ¼tze bestÃ¤tige das gerne
725,ğŸ”¥
726,ğŸ˜‚
727,Polizes mi govno debela
728,Klingt eher nach Zwilling ğŸ¥²
729,"letztens statt essen einf 3 sternzeichenflaschen gekauft weil zufÃ¤llig gesehn und dann steht da bei schÃ¼tze ""impulsivkÃ¤ufe ist kein fremdwort"" danke bruder"
730,@larafuchs._ ğŸ˜®
731,danke fÃ¼rs gefÃ¼hle visualisieren
732,@hecki.999
733,Sind wir hier bei der Deutschen Bahn gelandet oder warum ist der so spÃ¤t gekommen?ğŸ‘€ #toolate
734,Verstehe nicht warum Leute so einen Quatsch glauben
735,@isobelli.1012 ğŸ˜‚
736,ğŸ˜‚ğŸ˜‚ğŸ˜‚ğŸ˜‚ @lara_uschok
737,@paulineg___ duğŸ˜‚
738,Let the Star Wars begin! âœ¨ #greifnachdensternen
739,Bei uns norgends zu finden ğŸ˜¢ #saarbrÃ¼cken
740,ğŸ˜
741,Wann wie wo gibts die??ğŸ˜
742,Kann ich bestÃ¤tigen
743,ğŸ˜‚ğŸ˜‚ğŸ˜‚
744,Wo kann man die in NÃ¤he und Umgebung mÃ¼nchen kaufen ??
745,Yeah
746,Schulz!!!! ğŸ¥¸
747,Ist auf den blauen Flaschen mit dem Sternzeichen LÃ¶we und Jungfrau auch das Rewe Logo mit drauf oder ohne?
748,Ach ich keine diese Wortspiele ğŸ˜ğŸ˜„
749,So hints die??ğŸ˜®
750,Tripple air sign
751,Eeeeey...ich will n Tauri verschenken. Macht Mal was gelbes fÃ¼r @patracleo2.0 klar ğŸ˜¤ hab fast alles andere gefunden. Nur keinen Taurus UND keinen Skorpion (me)
752,"@iris15051980 den â™ hab ich schon, brauche noch den â™Š Falls du was siehst... #duweiÃŸtbescheid ğŸ˜…ğŸ˜…ğŸ˜…"
753,"Haha @truefruitssmoothies wusste ich es doch, dass ich als Waage eine Flasche bin! ğŸ¤·ğŸ»â€â™‚ï¸ğŸ¤·ğŸ»â€â™‚ï¸ğŸ¤·ğŸ»â€â™‚ï¸"
754,@_mina.gl_ jip ğŸ˜‚ğŸ”¥
755,POV Du wirst beim ersten Date gefragtâ€¦ #horoskopus #truefruits
756,@sternkompass ğŸ˜‚
757,Ein bisschen
758,TRIPLE AIR SIGN
759,@sissi.wnrt du bist so sehr unten rechts ğŸ˜‚ğŸ˜‚
760,Na klaaaarrrr
761,@kevin_wiesmann1 das letzte ğŸ˜‚ğŸ‘
762,Gemini auf die ğŸ¥œ
763,ğŸ˜‚ğŸ˜‚ğŸ˜‚
764,Horoskope und Edelsteine sind toll â¤ï¸
765,"""Horoskopus""ğŸ‘ğŸ˜‚"
766,Horoskope sind die Vorstufe zum Querdenken...
767,@heiko.holz ğŸ˜‚ğŸ˜‚ğŸ˜‚
768,@cari.ktck
769,dummes zeug
770,"Nee, ich glaub nur an den Saftladenâ€¦ğŸ˜‰"
771,"Wenn mich jemand beim Date sowas fragt, zahle ich und gehe ich direkt ğŸ˜‚"
772,Logisch ğŸ™ŒğŸ˜
773,"@kathi_sth weiÃŸ nicht, was die meinen"
774,"FÃ¼r solche Fragen hab ich immer mein Sternzeichensmoothie in der Tasche, dass ich nicht antworten muss"
775,ğŸ¤£
776,Dieses Bild soll Dich zum Kauf anstacheln #theperfectgift #truefruits
777,Also kontaktfreundlich bin ich zwar nicht wirklich aber trotzdem schmeckt der smoothie ğŸ˜©ğŸ¤š
778,ğŸ˜
779,@sasizzl
780,Bis wann gibts die ?
781,Ja kaufe ich bin Skorpion
782,@alessi_24 ICH BRAUCH DIESE FLASCHE! ğŸ”¥
783,"Das hat geklappt, ein super BildğŸ˜"
784,#scorpiogangâ™
785,Yeah ğŸ˜
786,@cill_infinity â¤ï¸
787,"Den Krebs ğŸ¦€hab ich schon gefangen, nun brauch ich den SchÃ¼tze â™ï¸ nochâ€¦.ğŸ¥°"
788,Wenn sie im Laden auftaucht Sofort ğŸ˜
789,wann kommen die denn in die LÃ¤den? ich sehe bei uns in den rewes bisher nur welche mit komplett anderen aufschriften
790,ok Ã¼berzeugtğŸ‘ğŸ¼
791,@lisa__248 hol ich dir ğŸ˜ğŸ”¥
792,ğŸ¦‚
793,Die wÃ¼rd ich nehmen ğŸ¦‚
794,"Wenn es die irgendwo geben wÃ¼rde, dann wÃ¼rde ich dies liebend gerne tunâ€¦"
795,Hat geklapptğŸ˜…ğŸ¤˜ğŸ¼
796,@truefruitssmoothies kann man die Flaschen mit den Sternzeichen auch irgendwo bestellen? Leider gibt es die hier scheinbar nur vereinzelt und nie die richtigen â˜¹ï¸
797,"Das ist Dein Zeichen.
#inunseremelement #horoskopus #truefruits"
798,Ich hab mir den schÃ¼tzrn vorhin geholt @alison.dngr ğŸ˜
799,Bekommt man die bei Edeka?
800,"War schon in mehreren Rewes, hatte bis jetzt aber noch nicht das GlÃ¼ck Jungfrau zu finden ğŸ˜…"
801,"ğŸ˜ Wenn ihr euch fÃ¼r Sternzeichen & Planeten interessiert, seid ihr bei mir genaue richtig. ğŸªğŸ¤"
802,Wirds den LÃ¶we auch Ã¼berall geben ? Bisher gab es den doch nur im rewe oder ?
803,die idee ist so cool âœ¨
804,@patracleo2.0 ğŸ˜Œ
805,Do you have a daily package(saftkur)to detox ourselves?
806,Bei uns leider nochnicht im Supermarkt erhÃ¤ltlich ğŸ¥²
807,*-*
808,ğŸ˜
809,Gibt es die blauen nur bei Rewe oder Ã¼berall? Bisher habe ich halt leider nicht eine einzige Flasche der Horoskopedition gesehen ğŸ™ˆ
810,ğŸ˜¢ğŸ˜¢ğŸ˜¢
811,hab schon platz gemacht fÃ¼r weitere 12 flaschenâ¤ï¸
812,"Leider noch nicht gefunden, hat sie schon jemand in einem Supermarkt in KÃ¶ln gefunden, falls ja wo ?"
813,â¤ï¸
814,Leider noch nicht gefunden. die Suche geht weiter !
815,Where did you get them?
816,I got myself into 5 different relationship with 5 different smoothies of your company. Im such a libraaaaa ğŸ™Œ
817,Alles reine Kopfsache #sorrynotsorry #allesnurinmeinemkopf #alexanderburani
818,@jessica_eckert_ ğŸ˜‚
819,So true. ğŸ¤­ğŸª
820,@j_e_n_n_i_96 xD
821,@hennelaun
822,@katherhaaf @_sophiaaa___ ğŸ¤·ğŸ¼â€â™€ï¸
823,@nadinepltz ğŸ˜‚ğŸ˜‚
824,Das Sternzeichen heiÃŸt Ã¼brigens â€ZwillingEâ€œ ğŸ™ˆ
825,@_hias_98 eindeutig du ğŸ˜˜ğŸ¤£
826,@lajanalicious ahahahahaha ğŸ˜‚ğŸ˜‚ğŸ˜‚ğŸ˜‚ğŸ˜‚ ich sag mal nichts ğŸ˜˜
827,@sebi_kapfelsperger ğŸ˜‚ğŸ˜‚ğŸ˜‚ğŸ˜‚ğŸ˜‚
828,@katho_leitner ğŸ™‚ğŸ™ƒ
829,@mariano.030 ich immer ğŸ¤£ğŸ¤£
830,@et.voila.ela â€ups kann doch mal passierenâ€œ ğŸ˜†
831,ğŸ˜‚
832,Wer ist Alexander Burani??? ğŸ˜‚ğŸ˜˜
833,@kev_freex ğŸ˜‚
834,@kathi_sth ich heule ğŸ˜‚ kÃ¶nntest aber auch du sein ğŸ‘€
835,MemesğŸ”¥â¤ï¸ğŸ˜‚
836,@car.phtgrphy isso!! ğŸ˜„
837,Sternhagelvoll und unwidderstehlich #doppeld #horoskopus #truefruits
838,@truefruitssmoothies kann man die auch bestellen? Bei uns in der Region in keinem Supermarkt gefunden ğŸ™
839,@bneey1 @_ck1108_ @fabi_ahlers ğŸ˜‚
840,Manchmal bin ich auch widderlich ğŸ˜†
841,ğŸ˜ğŸ˜ğŸ˜
842,Need!
843,@kat.sbi
844,@andreasschmidtgen ğŸ˜
845,@buki9318
846,Gibt es die auch in Ã–sterreich zu kaufen?
847,@christian_morgenstern ğŸ™ŒğŸ»â¤ï¸
848,Einmal Wassermann auf die Hand
849,Kann man die auch online kaufen? @truefruitssmoothies
850,What should I say ğŸ˜…ğŸ¥°
851,@de_menz_ @celina_ktb @jonas_fehrle @larasophiebartsch @limo0811 @nocny_bezdomny :)
852,Brauch ich ğŸ¤“âœŒğŸ»
853,Trifft voll auf meine Muddi zu ğŸ™ŒğŸ˜‚ğŸ˜‚ğŸ˜‚ @your.life.your.dance Kann ich mir bei euch oben ne Flasche abholen kommen @truefruitssmoothies ? ğŸ¥°ğŸ˜
854,In Deutschland ist das Widder meistens scheiÃŸe.
855,@m1893p
856,@annikahofmaier Widder ğŸ˜
857,"Steht nicht in den Sternen, sondern ab jetzt im KÃ¼hlregal. Unsere Horoskopus-Pullen sind sternhagelvoll mit Flaschentexten zu jedem Sternzeichen und natÃ¼rlich mit all unseren Smoothies. Ab jetzt in den SupermÃ¤rkten, in denen Du unsere 750 ml-Pullen sonst auch kaufst #horoskopus #newtexteinthehouse #truefruits"
858,"@truefruitssmoothies Schade, dass man sie nicht online kaufen kann. Die beiden Sternzeichen von meinen Jungs fehlen noch. SchÃ¶ne Idee ğŸ¤©"
859,"@cheshy die sind sehr gut als vorrat glass f MÃ¼slie, Nudeln, Reis..."
860,@deineastrotante lies mal die Kommentare ğŸ˜‚ğŸ˜‚ğŸ˜‚
861,@liv.wr (:
862,Warum ist beim Sternzeichen Zwilling 2x rastlos? ğŸ¤”
863,"@mellysmakeup hab schon Stier, du brauchst deins auch ğŸ˜‚ğŸ˜"
864,Wieso steht bei Zwilling zweimal rastlos ? @truefruitssmoothies ?
865,Online nicht erhÃ¤ltlich? Lebe in der Schweizâ€¦.
866,@dariia_flo
867,Ich brauch den Steinbock. Nirgends zu finden ğŸ™„
868,"@barnyooo falls du die zwilling Flasche zufÃ¤llig beim einkaufen findest, I'm here for it ğŸ™‹ğŸ»â€â™€ï¸ğŸ˜ğŸ˜"
869,@sasizzl
870,Brauche unbedingt eine Krebsflasche oder zwei. WÃ¼rde die gerne leer meiner Schwester schenken und daraus n Geschenk zum 40. GEBURTSTAG schenken
871,@__mone___ ğŸ˜±ğŸ˜±lieben wir die Idee ğŸ¤©ğŸ˜
872,Bis jetzt nirgendwo fÃ¼ndig gweordenğŸ™„ğŸ˜¤ğŸ˜¤
873,@sternkompass ğŸ˜‚
874,Wo in 06869?
875,Gibt es di in linz?ğŸ˜¢
876,"Bei uns gibts die wieder nicht, hÃ¤tte so gerne alle ğŸ¥º"
877,Zwilling = Zwei Gesichter. An HinterhÃ¤ltigkeit kaum zu Ã¼bertreffen. Das fehlt auf der falsche ğŸ‘
878,Ein ordentlicher Fetisch #redlikedistrict #truefruitsupcycling #truefruits
879,Wohl eher ein Geld Fetisch.
880,brokkoli passt da auch gut rein
881,pls dont kinkshame me
882,"Nicht vergessen Safewords auszumachen, dass nichts falsches in den Trichter kommt! Und Vorsicht vor Fake-Flaschen die meinen sie brauchen keine!"
883,Niemand braucht 2 Trichter ğŸ˜‚
884,@giuseintili ğŸ˜
885,"Mein Paket von euch ist heute angekommen und was soll ich sagen, ich bin begeistertğŸ˜ schÃ¶n wÃ¤re wenn es den Spenderaufsatz bald wieder gÃ¤be"
886,Gibt es den SÃ¤ft von euch noch?
887,Da seh ich mich.
888,Saftiger Handjob #hÃ¶hÃ¶
889,@michelleby
890,@tiffany_lsg
891,@cruong â˜ğŸ¼
892,@mella.xx ğŸ˜‚
893,Gerade steht sie vor mir aufm Tisch
894,@leonie.x20 Du schaffst das nicht ğŸ¤£ğŸ˜˜â¤
895,Caption ğŸ”¥
896,Ich liebe euer Marketing ğŸ˜‚ğŸ˜‚ğŸ˜‚â¤ï¸
897,@yvonna1992 DUğŸ˜‚ğŸ˜‚ğŸ˜‚ğŸ™ğŸ»â¤ï¸
898,"hat das n grund, oder warum sind die grÃ¼nen bei edeka nich so beliebt?"
899,Wish I can have this shipped to America these are so good
900,@truefruitssmoothies Also ich seh da ne neue Challenge. ğŸ’ªğŸ¼ #holdmytruefruits
901,@lisaf1996_ Ich in der Thier-Galerie letztes Jahr. ğŸ˜‚
902,So geil von euch !
903,Feminist*Innen Kommentare incoming â€¦
904,@pia._ ğŸ˜‚ğŸ˜‚ğŸ˜‚
905,Geht auch mit den groÃŸen Flaschen!
906,Eemmmm bin ich der einzige Kerl der auch seine HÃ¤nde nachdem ich aus dem Auto aussteige ? (NatÃ¼rlich mit truefruitssmoothies)
907,SchÃ¤tze das hat die Evolution im Ausgleich fÃ¼r die fehlenden taschen gebrachtğŸ˜‚
908,"Wo gibtâ€™s den, den SchlÃ¼sselanhÃ¤nger den beide am SchlÃ¼ssel haben?
ğŸ˜®"
909,"Offizielle Kooperation mit KÃ¤lte Perry #teenagedream #truefruitsupcycling

PS Unsere FlaschenhÃ¼lle findest Du unter true-fruits.com"
910,Wird es auch noch weitere FlaschenhÃ¼llen geben? Gerne auch normale einfarbige ?
911,"DankeschÃ¶n an dieser Stelle, fÃ¼r den Katy Perry-Ohrwurm ğŸ˜‚"
912,F+Uber insta â¤ï¸
913,Ist jemand da den ich was fragen darfâ¤ï¸ğŸ¥°
914,"Erinnerst Du Dich noch? Damals, vor fast drei Wochen, als Du Dir vorgenommen hast, mehr zu trinken, mehr Geld zu sparen und gesÃ¼nder zu leben? Hier kommt Dein kleiner Reminder in Form unseres Bundles: Ab jetzt unter true-fruits.com erhÃ¤ltlich! Happy 17.01., happy ""Wirf-Deine-NeujahrsvorsÃ¤tze-Ã¼ber-Bord-Tag"" #truefruitsupcycling #angebundelt"
915,Sehr guter Reminder ğŸ¤ª
916,Wird es auch noch AufsÃ¤tze fÃ¼r die kleinen Flaschen geben? ğŸ˜Š
917,Morgen wirst Du diesen Post verstehen #guteaufsÃ¤tze #fÃ¼rsneuejahr #truefruitsupcycling
918,Mega gemacht ğŸ‘
919,ohhhh wie cool
920,Eine Visualisierung wie ein GroÃŸteil meines Budgets in @truefruitssmoothies gesteckt wirdğŸ¥´
921,Die AufsÃ¤tze brauch ich unbedingt ! ğŸ˜
922,"Yeah, gibt es wieder AufsÃ¤tze? Ich warte schon sehnlichst darauf!"
923,"Ich find die Smoothies klasse, die Flaschen auch. SchÃ¶nes Zuhause fÃ¼r Reis Linsen und HaferflockenğŸ˜ğŸ‘â¤ï¸"
924,"Hm, gibtâ€™s wieder AufsÃ¤tze?"
925,Jâ€™adore le concept !! Jâ€™en cherche une justement !! ğŸ˜
926,Liebe euer Zeug â¤ï¸ğŸ˜‚
927,"Stabile Satinlage #auchohnelÃ¶ffelchen #truefruits

PS. In einem Monat ist Valentinstag"
928,ğŸ™Œ
929,hier gibts kein Kaufland ğŸ˜“
930,ist der nur im Kaufland vorhanden?
931,sexi
932,Uiii da weiÃŸ ich schon ma was ich demnÃ¤chst kaufe ğŸ˜ğŸ˜‚
933,"Ein Wortspiel, so schlecht, dass es schon wieder gut ist! ğŸ˜"
934,Wer geht jetzt zum lachen noch in den Keller? #omanoman #truefruits
935,ğŸ˜ğŸ˜ğŸ˜
936,Das Leben ist ein Auf und Ab #bergfest #truefruits
937,@michelleby
938,"Einmal die Texte im Bild tauschen und als Ãœberschrift ""NÃ¤hrwerte"" ğŸ™ŒğŸ¼"
939,hÃ¤ wann habt ihr in meinen kÃ¼hlschrank geschaut
940,Seit ich truefruits trinke geht es bei mir nur noch aufwÃ¤rts
941,Warum besteht der GrÃ¼ne Smoothie fast ausschlieÃŸlich aus Apfelsaft und Obst PÃ¼ree?!
942,"Tbh, Trend verpasst"
943,If only they were in the states
944,ğŸ‘€ğŸ§¸ğŸ¾ğŸ˜±
945,Wir haben Euch Bern #amigros
946,Jetzt noch die anderen Sorten. Zbs Rewe und Kaufland exclusive. Ich hab euch nÃ¤mlich gerade entdeckt und wÃ¼rde die anderen Sorten auch gern probieren :)
947,The best smoothiesâ˜ºï¸ I even brought some to RussiağŸ˜„
948,Werde die lustigen SprÃ¼che denn auf Schweizerdeutsch sein? ğŸ˜‚ğŸ˜‚
949,Reiner Kapitalswissmus!
950,Mann schmeckt bereits den angst Schweiz ;)
951,ğŸ”¥
952,oiso monche kommis do san jo echt a witz chilln is die Formel fÃ¼r ein ruhiges Leben ğŸ™Œ
953,Wir wollen die LE 1 aus dem Scheizer LÃ¤ndle sehen? Heidi & der Geissen Peterâ€¦auf der Alm da gibtâ€™s koa SÃ¼nd? Oder Geschmacksrichtung â€KÃ¤sefondueâ€œ?
954,ğŸ˜‚ğŸ˜‚ğŸ˜‚
955,Wien oder Winterthur Hauptsache Schweiz ğŸ¤“ğŸ˜†
956,Ihh Schweiz
957,"So schlechte Witze, ich will Kanton mehr von euch hÃ¶ren!"
958,Geh mir nicht auf den Keks. #twentytwentytoo #truefruits
959,"felt cute, might delete later #gibdirnenruck #dusack #truefruitsupcycling

PS Unsere FlaschenhÃ¼lle findest Du unter true-fruits.com"
960,Ihr huensÃ¶hne
961,"Aktuell mein tÃ¤glicher Wegbegleiter, er zaubert mir immer wieder ein LÃ¤cheln ins Gesicht. Bester Kauf des Jahres 2021. EisbÃ¤r ğŸ»â€â„ï¸ so qute"
962,CuteğŸ˜
963,ğŸ˜ğŸ˜ğŸ˜ğŸ˜â¤ï¸
964,so sÃ¼ÃŸğŸ˜
965,Gib Dirnen Ruck?
966,ğŸ˜
967,HÃ¶rt bitte auf uns vollzuspamen #entspamteuchmal ğŸ˜˜
968,"Bin ich die einzigste die sich sogar die MÃ¼he gemacht hat, den Link https://bit.ly/hauptgewinntruefruitsgibshkjdfioÃ¶sdflnbsdhjbfwennichmeinekreativeenergieinwasvernÃ¼nftigessteckenwÃ¼rdewÃ¤reichschonlangeauflegalemwegereich in die Googlesuchleiste einzugeben? ğŸ˜‚ğŸ˜‚ ğŸ¤­"
969,ğŸ˜‚ğŸ˜‚ğŸ˜‚ğŸ˜‚ğŸ˜‚ğŸ˜‚ğŸ˜‚ğŸ˜‚ğŸ˜‚
970,Die Zuschriften sind fast besser als beim Postillion ğŸ¤£ğŸ¤ª!
971,"Bereits Albert Einstein wusste: 2 Dinge sind unendlich - Das Universum und....nunja, das hier ğŸ¤·ğŸ¤—"
972,Die trollen doch
973,ğŸ˜‚ğŸ˜‚ğŸ˜‚ğŸ˜‚
974,"Um es mit den Worten von Einstein zu kommentieren: ""Zwei Dinge sind unendlich, das Universum und die menschliche Dummheit, aber bei dem Universum bin ich mir noch nicht ganz sicher.""

Liebes @truefruitssmoothies Team, wir kommen ja alle mit einem Gehirn zur Welt, aber die MÃ¶glichkeit der Nutzung scheint nicht fÃ¼r jeden verfÃ¼gbar zu sein. ğŸ˜‚"
975,Ich kann nicht mehr ğŸ¤£
976,Hahahaha!
977,Wie armselig â€¦ meine Bediensteten pressen mir jeden Tag 2 Liter Osaft. Besser gehtâ€™s nicht ğŸ˜˜
978,GeilğŸ˜‚ğŸ˜‚ğŸ˜‚
979,@aileenerhardt ğŸ˜‚
980,"Also wer @truefruitssmoothies zu ernst nimmt, sollte sich nochmal ihre PR-Politik reinziehen...ğŸ˜‚ğŸ‘ğŸ‘ğŸ‘"
981,Komische Fragen. Die wichtigste Frage ist doch wie man ohne jede Qualifikation einen Job bei euch bekommt?
982,Die Leute glauben auch alle drei Minuten sie hÃ¤tten ein IPhone gewonnen...
983,ğŸ™ˆğŸ™ˆğŸ™ˆ
984,oh wow ğŸ¤¦ğŸ¼â€â™€ï¸ğŸ˜‚
985,Zu gutğŸ˜‚ğŸ˜‚ğŸ˜‚
986,Alter. Wie kann man denn sowas nur glauben? Im Ernst jetzt? Das gleiche wie der Prinz aus Afrika der einem 20.000â‚¬ vererbt hat. Und man mÃ¼sse nur 10.000â‚¬ BearbeitungsgebÃ¼hr Ã¼berweisen ğŸ¤¦ğŸ»â€â™€ï¸
987,Hilfe. Was denn da los?
988,Denkt ihr das Gleiche wie wir gerade? #quersumme #truefruits
989,@jacaranda_cafe
990,Is this one your daily saftkur package?
991,@panzer___ eine eigene Flasche ğŸ˜
992,wann erhÃ¤ltlich? ich will wieder kindergeld und vor allem mal n panzer!
993,Wo kann man die Kaufen?
994,PANZER!!!
995,True Fruits x a Bathing Ape. Danke â¤ï¸
996,BIG SUPREME BOTTLE PLEASE â¤ï¸
997,ğŸ˜© Ich warte schon soooooo lange auf meine â€šGEDÃ–NSâ€˜-Wunschflasche ğŸ™ Biiiiiitte ğŸ˜‰
998,"Ich denke, euch fÃ¤llt nix mehr ein... Seit 2 Jahren? Nur noch grosse Schriften? Langweilig"
999,Quando spedirete anche in Italia??? Sono buonissimiğŸ˜
1000,ğŸ˜ğŸ˜
1001,"Ich brauche den Panzer Smoothie, mein Freund ist gestern zur Bundeswehr gegangen und das passt ja mal super"
1002,"Keine Ahnung. WeiÃŸ ja nicht, was ihr denkt. ğŸ¤·ğŸ»â€â™€ï¸"
1003,"Ich bin nur froh, dass ihr #Silvester richtig geschrieben habt"
1004,Was steht denn auf der Triple Purple?
1005,UND KARSTEN GÃ„? ICH BIN KEEN PANTZER!
1006,Panzer holt mich ab
1007,"Der einzige Shot, den Du jetzt noch runterbekommst #prost #truefruits"
1008,Bist Du! #richtigverknallt #truefruits
1009,Der ist echt gutğŸ˜ğŸ˜
1010,Beste Sorte !
1011,ğŸ˜ğŸ˜
1012,Der ist gut!! ğŸ˜‚
1013,Guten Rutsch ğŸ”¥
1014,Heute schon beim FrÃ¼hstÃ¼ck volllaufen lassen. #ichtrinknsmoothievielleicht #truefruits
1015,ğŸ˜‚ğŸ™ŒğŸ”¥ğŸ˜‚
1016,Manche Menschen haben garnuchts
1017,Einfach 5â‚¬ danebengeschÃ¼ttet
1018,Alles Gute fÃ¼r 2022!! ğŸ¥³ğŸ€ğŸ„ğŸ’«ğŸ¶âœŒï¸
1019,Der letzte O-Saft von euch wird heute gekÃ¶pft. ğŸ˜¢ Rutscht alle gut rein! ğŸ¥³
1020,Quasi Natursekt
1021,"Nein? Wir teilen unsere gern mit Euch.
#haltenlÃ¤nger #truefruitsupcycling
PS Unsere Bundles findet ihr unter true-fruits.com"
1022,Wo bleiben eure Seifenspender? Ich warte seit 2 Jahren ğŸ˜­
1023,schade liefert ihr nicht in die Schweiz :(
1024,Warte immer noch sehnsÃ¼chtig auf den Seifenspender! ğŸ˜ Und nur so ne Idee fÃ¼r das nÃ¤chste Weihnachtenâ€¦ So ein Kerzenhalteraufsatz (FÃ¼r Stabkerzen und/oder Teelichter) wÃ¤re mega!
1025,"Leider sind diese nicht verfÃ¼gbar, ab wann bekommt man sie wieder?"
1026,"ne ich brauch den seifenspender, zack zack her damit ğŸ˜‚"
1027,ğŸ”¥ğŸ”¥ğŸ”¥ğŸ”¥
1028,Ein Aufsatz damit man die kleinen Flaschen als Babyflasche ğŸ¼ nutzen kann wÃ¤re super ğŸ‘ğŸ»
1029,Ich will mehr pink Smoothies trinken
1030,WÃ¤ren die nicht so verdammt teuer
1031,"Zwischen den Jahren niemand:
#mimimimimimittwoch #truefruits"
1032,"Grad probiert weil ich mich heut schlapp fÃ¼hl und in der Mittagspause in der Arbeit grad nix essen wollteâ€¦war mein erster Smoothie von euch und wenn ich dann aus hab spÃ¤ter, schnapp ich noch ein paar Flaschen fÃ¼r daheim! Soooo lecker und tut echt gut, fÃ¼hl mich viel besser jetzt. :) â™¥ï¸ğŸ¥³"
1033,Hab ich erst heute wieder verzehrt .Das ist mein Favorit und der mit Heidelbeeren und Brombeeren.
1034,FÃ¼r mich ist das die beste Sorte. Ich kaufe auch gerne eure Experimente- aber diese hier ist 10/10.
1035,"Eine Woche im Hotel Mama makes me feel like:
#kingsize #truefruits"
1036,"Macht mal Weihnachtspause!
ğŸ§¸ğŸ¾
Merry Christmas ğŸ„ğŸ"
1037,"â€¦ ist unser Lebkuchenmann zwar nicht, dafÃ¼r aber immer flÃ¼ssig. #kommtgutzurgeldung"
1038,HÃ¤tte besser sein kÃ¶nnen.. Schmeckt leider kaum nach Lebkuchen dafÃ¼r sehr nach Apfel & Banane mit viel GewÃ¼rzen
1039,"Tbh sieht es aus, als wÃ¼rde der Lebkuchenmann gerade geboren werden ğŸ˜‚"
1040,Schmeckt nach Arschritze!
1041,"..und so liebe Kinder, wurdet ihr geboren..ğŸ¤°"
1042,Da hat Lord Farquaad einfach den Pfeffi pÃ¼riert ğŸ˜‚ğŸ¤£
1043,So gut !!!
1044,Schmeckt leider nicht ganz so gut...
1045,Abwarten bis die femnazis wieder jammern
1046,"Musste erst von MÃ¼nchen nach Ingolstadt umziehen, bis ich sowohl diesen als auch ""Danke Merkel"" einfach so ergattern konnte ğŸ™ˆğŸ˜Š"
1047,@ju_li2121 ğŸ˜
1048,"Ist zwar sehr teuer, aber schmeckt mega nice"
1049,Ich hab bisher 2 kaufen kÃ¶nnen. Seitdem nie wieder gesehen xD aber Hauptsache den Senf Smoothie gibt's Ã¼berall ğŸ¥´ğŸ¤£ warum wohl?
1050,Und nirgendwo zu kriegenâ€¦
1051,"Juuuuhu, ich muss zunehmend wahrnehmen, dass sowohl bei Edeka, als auch bei Rewe die Auswahl eurer Smoothies wirklich schlecht wird. Ich sehe seit Monaten wirklich keine Special Editions mehr ğŸ˜­ğŸ˜­ klar die â€Klassikerâ€œ sind daâ€¦"
1052,Auch in AT erhÃ¤ltlich? @truefruitssmoothies ğŸ¥º
1053,ğŸ”¥
1054,Nordpoldance #beiderstangehalten #truefruits #truefruitsupcycling
1055,"Selfcare, ich habe es mir selber geschenkt ! Es zaubert mir ein LÃ¤cheln ins Gesucht wenn ich morgens meine GetrÃ¤nke ğŸ¥¤ mitnehme. Bestes Geschenk ğŸ ever ğŸ˜ğŸ˜ğŸ˜ bin verliebt ğŸ˜»"
1056,"Das beste Geschenk, dass ich mir dieses Jahr selbst gegÃ¶nnt habe ğŸ¥°"
1057,"Uuuuuuh Mama, behaaaaave!ğŸ˜"
1058,@rinou0310 ğŸ¤©
1059,"Wenn du feststellst, dass in vier Tagen Weihnachten ist #backmylife #truefruits"
1060,"Och ich suchen den schon seit Wochen in den unterschiedlichen SupermÃ¤rkten und, leider nix ğŸ˜¢"
1061,Der ist sooooo lecker!ğŸ˜â˜ºï¸ğŸ‘ğŸ¼ aber das beste ist das Gedicht auf der Flasche!ğŸ™ˆ @henrik_fleige
1062,Sooooo leckerğŸ”¥
1063,"ğŸ”¥ğŸ”¥ğŸ”¥der Hammer, so leckooor â¤ï¸â¤ï¸â¤ï¸"
1064,"Wenn Du feststellst, dass @truefruitssmoothies wieder so wenig Special Editions produziert hat, dass du in hundert GeschÃ¤ften nicht eine gefunden hast ğŸ¥ºğŸ™ˆğŸ™ƒğŸ˜‰ğŸ˜…"
1065,Extrem lecker die Sorte
1066,NatÃ¼rlich ungeÃ¶ffnet
1067,Ich hÃ¤tte eine Flasche abzugeben.
1068,exaktli
1069,Ich hab ihn auch noch nicht bekommen ğŸ˜¢
1070,"Ich, jedes Mal wenn ich hier sitze und immer noch keine Kekse auf dem Tisch stehen ğŸ™ˆğŸ¤£ğŸ˜…"
1071,"Ich jedes Mal wenn ich feststelle, dass mein Edeka immer noch keinen Lebkuchen Smoothie hat ğŸ˜¢"
1072,Gibt es den noch? Finde den seit der DrauÃŸen ist nicht
1073,Auf der Flasche sah die Ã–ffnung aus der der rauskommt aber bisschen anders aus ğŸ¤­
1074,ğŸ‘
1075,"FÃ¼r alle, die eh immer nur mit Flaschen kuscheln #daskannmansichtechtschenken #truefruitsupcycling"
1076,Liebs wie ihr aus scheisse geld macht â˜ºï¸
1077,Kam heute aus dem Urlaub zurÃ¼ck und in der Zwischenzeit kam das Paket an â¤ï¸ die ğŸ»â€â„ï¸ HÃ¼lle ist sooo schÃ¶n & niedlich ğŸ˜
1078,"Jedes verpackte Jahr das Gleiche. #daspackstduschon #truefruitsupcycling

PS Unsere Upcycling-Bundles findest Du unter true-fruits.com"
1079,Lass Dir einen BÃ¤ren aufbinden! #machtdichkalt #eisbÃ¤rhÃ¼lle #upcycling #truefruitsupcycling #truefruits
1080,@__schubiboss__ ğŸ»â€â„ï¸
1081,Ich liebe eure wortwitze
1082,@rinou0310
1083,@denise.bllnr ğŸ˜â¤ï¸
1084,@jonas_weber_
1085,"Unsere zweite true fruits HÃ¼lle fÃ¼r die 750 ml Smoothie-Pulle ist da! Der EisbÃ¤r ist weiÃŸ, bianco! Das bÃ¤renstarke Ding hÃ¤lt Deine GetrÃ¤nke warm oder kalt, je nachdem was Du in die Flasche gefÃ¼llt hast und ist ab jetzt in unserem Online Shop erhÃ¤ltlich! #machtdichkalt #eisbÃ¤rhÃ¼lle #upcycling #truefruitsupcycling #truefruits"
1086,So sÃ¼ÃŸ ğŸ˜
1087,Leider viel zu spÃ¤t gesehen ğŸ˜©â˜¹ğŸ¥º
1088,Das Alpaka hat sein Winterfell bekommenâ€¦ğŸ˜‚ğŸ˜‚ğŸ˜‚
1089,Der Preis schreckt sofort abğŸ˜¢ Was hÃ¤keln oder stricken ist selbstgemacht und billiger.
1090,Main Lama wird sich soooo freuen!
1091,"Sehr sÃ¼ÃŸ, aber ich bleibe dem Alpaka (oder Lama?) vom letzten Jahr treu! ğŸ¦™"
1092,Wann gibts wieder die GieÃŸer ğŸ¥²
1093,"Der Preis geht gar nicht, 38â‚¬ fÃ¼r eine FlaschenhÃ¼lle ğŸ™ˆ viel zu teuer"
1094,Der EisbÃ¤r gefÃ¤llt mir sehr gut. ğŸ˜ Meine Bestellung ist raus. ğŸ˜Š
1095,So hÃ¤sslich das es schon ein must have ist
1096,Leider Wolle! Das geht auch anders @truefruitssmoothies
1097,SÃ¼ÃŸ. Leider sind die Farbe weiÃŸ und ich keine Freunde ğŸ˜… wÃ¤re ganz schnell ein Schwarz BÃ¤r ğŸ»
1098,Ist eh lÃ¤ngst ausverkauftğŸ˜‚
1099,@irmelasophieletz ğŸ‘ŒğŸ¼ğŸ»â€â„ï¸
1100,"Sorry, aber bei 38â‚¬ bin ich leider raus"
1101,Was lezde prais?
1102,So so sÃ¼ÃŸ!ğŸ˜
1103,"KÃ¶nnte besser sein, gefÃ¤llt mir so nicht. Geld gespart"
1104,@truefruitssmoothies is lifeâ€¦ wait for the end! Happy holidays! #unpaidpromotion
1105,Wenn's nur so wenige wÃ¤ren ğŸ¥²ğŸ˜‚
1106,Echt stark! â¤ï¸
1107,Echt stark! â¤ï¸
1108,ğŸ‘â¤ï¸
1109,Same ğŸ¤­
1110,Da kann ich locker mithalten ğŸ˜‚
1111,@denise.bllnr ğŸ”¥ğŸ™ŒğŸ½
1112,@sasagebauer ğŸ¤£ğŸ¤£ğŸ¤£
